Date Time,Battery[V],Temperature,Humidity,AN_1_A,AN_1_B,AN_2_A,AN_2_B,AN_3_A,AN_3_B,AN_4_A,AN_4_B,
2014\01\22 10:59:34,9.1,9.7,N.C.,851.2,9.4,808.9,9.5,851.2,9.4,851.2,9.4,
2014\01\22 13:59:34,9.6,13,N.C.,858.8,13.4,810.3,13.6,858.8,13.4,858.8,13.4,
2014\01\22 16:59:34,9.6,9.2,N.C.,851.8,9.1,809,9.4,851.8,9.1,851.8,9.1,
2014\01\22 19:59:34,9.5,3.7,N.C.,859.8,4.1,808.4,4.3,859.8,4.1,859.8,4.1,
2014\01\22 22:59:34,9.4,4.9,N.C.,862.7,5.7,808.5,5.8,862.7,5.7,862.7,5.7,
2014\01\23 01:59:34,9.4,5,N.C.,854,5.7,808.5,5.8,854,5.7,854,5.7,
2014\01\23 04:59:34,9.4,4.9,N.C.,854.9,5.6,808.6,5.8,854.9,5.6,854.9,5.6,
2014\01\23 07:59:34,9.4,4.6,N.C.,863.8,5.3,808.5,5.5,863.8,5.3,863.8,5.3,
2014\01\23 10:59:34,9.4,8.6,N.C.,850.4,9.5,808.9,9.6,850.4,9.5,850.4,9.5,
2014\01\23 13:59:34,9.5,12.4,N.C.,867.6,13.2,809,13.3,867.6,13.2,867.6,13.2,
2014\01\23 16:59:34,9.6,9,N.C.,864.7,9,809,9.4,864.7,9,864.7,9,
2014\01\23 19:59:34,9.5,6.6,N.C.,856.9,7.1,808.4,7.3,856.9,7.1,856.9,7.1,
2014\01\23 22:59:34,9.5,5.1,N.C.,856.7,5.7,808.4,5.9,856.7,5.7,856.7,5.7,
2014\01\24 01:59:34,9.5,5.4,N.C.,857.4,5.6,808.4,5.9,857.4,5.6,857.4,5.6,
2014\01\24 04:59:34,9.5,4.8,N.C.,861.6,5.2,808.6,5.4,861.6,5.2,861.6,5.2,
2014\01\24 07:59:34,9.5,5,N.C.,857.2,5.7,808.1,5.9,857.2,5.7,857.2,5.7,
2014\01\24 10:59:34,9.5,7,N.C.,849.2,8.1,808.7,8.1,849.2,8.1,849.2,8.1,
2014\01\24 13:59:34,9.5,10.3,N.C.,879.3,11.1,810.3,11.5,879.3,11.1,879.3,11.1,
2014\01\24 16:59:34,9.5,6.7,N.C.,855.5,6.8,808.9,7,855.5,6.8,855.5,6.8,
2014\01\24 19:59:34,9.5,2.3,N.C.,859.5,2.7,808.8,2.9,859.5,2.7,859.5,2.7,
2014\01\24 22:59:34,9.4,-1,N.C.,846.2,-0.4,808.4,-0.1,846.2,-0.4,846.2,-0.4,
2014\01\25 01:59:34,9.3,-2.5,N.C.,853.4,-1.4,808.6,-1.2,853.4,-1.4,853.4,-1.4,
2014\01\25 04:59:34,9.3,-3.1,N.C.,850.3,-2,808.6,-1.8,850.3,-2,850.3,-2,
2014\01\25 07:59:34,9.3,-3.7,N.C.,847.2,-2.6,808.2,-2.3,847.2,-2.6,847.2,-2.6,
2014\01\25 10:59:34,9.3,1.6,N.C.,862.7,3.4,807,3.6,862.7,3.4,862.7,3.4,
2014\01\25 13:59:34,9.4,9.4,N.C.,856.1,10.1,810.3,10.3,856.1,10.1,856.1,10.1,
2014\01\25 16:59:34,9.5,7.1,N.C.,850.2,7.1,808.7,7.5,850.2,7.1,850.2,7.1,
2014\01\25 19:59:34,9.4,0.9,N.C.,858.1,1.3,808.7,1.6,858.1,1.3,858.1,1.3,
2014\01\25 22:59:34,9.3,0.4,N.C.,859.7,0.6,808.9,1,859.7,0.6,859.7,0.6,
2014\01\26 01:59:34,9.3,0.2,N.C.,859.1,0.7,808.4,1,859.1,0.7,859.1,0.7,
2014\01\26 04:59:34,9.3,1.5,N.C.,861.8,1.9,808.6,2.1,861.8,1.9,861.8,1.9,
2014\01\26 07:59:34,9.3,-0.8,N.C.,847.7,0.7,807.8,0.9,847.7,0.7,847.7,0.7,
2014\01\26 10:59:34,9.4,8.5,N.C.,863.2,9.4,808.4,9.7,863.2,9.4,863.2,9.4,
2014\01\26 13:59:34,9.5,11.9,N.C.,861.3,12.2,808.6,12.5,861.3,12.2,861.3,12.2,
2014\01\26 16:59:34,9.5,8.5,N.C.,852.1,8.8,808.8,9.1,852.1,8.8,852.1,8.8,
2014\01\26 19:59:34,9.5,3.7,N.C.,851.4,4.1,808.8,4.4,851.4,4.1,851.4,4.1,
2014\01\26 22:59:34,9.4,3.7,N.C.,854.3,4.4,808.4,4.6,854.3,4.4,854.3,4.4,
2014\01\27 01:59:34,9.4,4.1,N.C.,862.1,4.7,808.5,4.9,862.1,4.7,862.1,4.7,
2014\01\27 04:59:34,9.4,4,N.C.,852.5,4.5,808.5,4.7,852.5,4.5,852.5,4.5,
2014\01\27 07:59:34,9.4,3.3,N.C.,852.4,4,808.6,4.2,852.4,4,852.4,4,
2014\01\27 10:59:34,9.4,6.8,N.C.,855.4,7.5,809.1,7.7,855.4,7.5,855.4,7.5,
2014\01\27 13:59:34,9.6,10.2,N.C.,855.7,10.4,810.1,10.7,855.7,10.4,855.7,10.4,
2014\01\27 16:59:34,9.5,6.3,N.C.,854.8,5.8,809.3,6.2,854.8,5.8,854.8,5.8,
2014\01\27 19:59:34,9.4,0.2,N.C.,858.9,0.8,808.9,1,858.9,0.8,858.9,0.8,
2014\01\27 22:59:34,9.4,0.1,N.C.,861.9,0.7,808.8,0.9,861.9,0.7,861.9,0.7,
2014\01\28 01:59:34,9.3,-1.6,N.C.,846.4,-0.5,808.3,-0.5,846.4,-0.5,846.4,-0.5,
2014\01\28 04:59:34,9.4,1.6,N.C.,857.8,2.5,808.3,2.7,857.8,2.5,857.8,2.5,
2014\01\28 07:59:34,9.4,2.3,N.C.,858.5,3.1,808.6,3.2,858.5,3.1,858.5,3.1,
2014\01\28 10:43:37,8.9,4.7,N.C.,849,5.3,809.1,5.4,849,5.3,849,5.3,
2014\01\28 10:46:23,8.7,5.2,N.C.,854.9,5.4,808.9,5.4,854.9,5.4,854.9,5.4,
2014\01\28 13:46:23,9.4,5.5,N.C.,855.5,5.9,808.9,6.1,855.5,5.9,855.5,5.9,
2014\01\28 16:46:23,9.4,4.1,N.C.,853.6,4,808.7,4.4,853.6,4,853.6,4,
2014\01\28 19:46:23,9.4,-1.8,N.C.,853.9,-0.8,808.2,-0.6,853.9,-0.8,853.9,-0.8,
2014\01\28 22:46:23,9.3,-3,N.C.,855.6,-1.9,808.2,-1.6,855.6,-1.9,855.6,-1.9,
2014\01\29 01:46:23,9.3,-2.8,N.C.,854.8,-2.3,808.8,-2,854.8,-2.3,854.8,-2.3,
2014\01\29 04:46:23,9.2,-4.2,N.C.,848.9,-3.5,808.8,-3.2,848.9,-3.5,848.9,-3.5,
2014\01\29 07:46:23,9.2,-4.7,N.C.,852.3,-3.7,808.5,-3.5,852.3,-3.7,852.3,-3.7,
2014\01\29 10:46:23,9.3,1.7,N.C.,852.2,3.1,808.9,3.3,852.2,3.1,852.2,3.1,
2014\01\29 13:46:23,9.3,3.6,N.C.,850.6,4.2,809.2,4.4,850.6,4.2,850.6,4.2,
2014\01\29 16:46:23,9.4,4,N.C.,855.2,4.4,809.2,4.6,855.2,4.4,855.2,4.4,
2014\01\29 19:46:23,9.3,3.6,N.C.,851.1,3.8,808.5,4.2,851.1,3.8,851.1,3.8,
2014\01\29 22:46:23,9.3,2.4,N.C.,865.5,2.7,808.6,3,865.5,2.7,865.5,2.7,
2014\01\30 01:46:23,9.3,1.4,N.C.,848.1,2,808.7,2.2,848.1,2,848.1,2,
2014\01\30 04:46:23,9.3,1.5,N.C.,864.8,2.3,808.7,2.4,864.8,2.3,864.8,2.3,
2014\01\30 07:46:23,9.3,1.5,N.C.,859,2.3,808.7,2.5,859,2.3,859,2.3,
2014\01\30 10:46:23,9.3,2.5,N.C.,854.4,3.2,808.8,3.4,854.4,3.2,854.4,3.2,
2014\01\30 13:46:23,9.3,2.2,N.C.,852.4,2.6,809,2.8,852.4,2.6,852.4,2.6,
2014\01\30 16:46:23,9.4,1.3,N.C.,864.2,2.1,808.9,2.3,864.2,2.1,864.2,2.1,
2014\01\30 19:46:23,9.4,1.8,N.C.,862,2.6,808.8,2.7,862,2.6,862,2.6,
2014\01\30 22:46:23,9.4,2.7,N.C.,852,3.3,808.8,3.4,852,3.3,852,3.3,
2014\01\31 01:46:23,9.4,2.1,N.C.,863.4,2.8,808.5,2.9,863.4,2.8,863.4,2.8,
2014\01\31 04:46:23,9.4,2.8,N.C.,849.7,3.5,808.8,3.6,849.7,3.5,849.7,3.5,
2014\01\31 07:46:23,9.4,1.7,N.C.,848.1,2.4,808.9,2.5,848.1,2.4,848.1,2.4,
2014\01\31 10:46:23,9.3,2.6,N.C.,852.5,3.6,808.8,3.7,852.5,3.6,852.5,3.6,
2014\01\31 11:22:45,9.2,3.7,N.C.,856.1,4.7,809,4.8,856.1,4.7,856.1,4.7,
2014\01\31 11:34:50,8.8,5,N.C.,856.3,5.1,808.9,5.2,856.3,5.1,856.3,5.1,
2014\01\31 11:43:24,8.9,5.6,N.C.,855.3,5.3,808.9,5.4,855.3,5.3,855.3,5.3,
2014\01\31 14:43:24,9.4,6.6,N.C.,849.7,7.4,809,7.5,849.7,7.4,849.7,7.4,
2014\01\31 17:43:24,9.4,6.3,N.C.,856.8,6.5,808.7,6.7,856.8,6.5,856.8,6.5,
2014\01\31 20:43:24,9.4,5.3,N.C.,849.5,5.9,808.7,6.1,849.5,5.9,849.5,5.9,
2014\01\31 23:43:24,9.4,5,N.C.,849.2,5.6,808.9,5.8,849.2,5.6,849.2,5.6,
2014\02\01 02:43:24,9.4,4.8,N.C.,849.1,5.4,808.9,5.6,849.1,5.4,849.1,5.4,
2014\02\01 05:43:24,9.4,4.8,N.C.,863.3,5.4,808.8,5.6,863.3,5.4,863.3,5.4,
2014\02\01 08:43:24,9.3,4.1,N.C.,848,4.7,808.8,4.8,848,4.7,848,4.7,
2014\02\01 11:43:24,9.4,5.5,N.C.,857,6.3,808.9,6.4,857,6.3,857,6.3,
2014\02\01 14:43:24,9.4,6.1,N.C.,854.9,6.6,808.9,6.7,854.9,6.6,854.9,6.6,
2014\02\01 17:43:24,9.5,5.2,N.C.,856.2,5.6,808.9,5.8,856.2,5.6,856.2,5.6,
2014\02\01 20:43:24,9.5,4.7,N.C.,848.7,5.2,808.9,5.3,848.7,5.2,848.7,5.2,
2014\02\01 23:43:24,9.5,4.7,N.C.,858.6,5.3,808.8,5.4,858.6,5.3,858.6,5.3,
2014\02\02 02:43:24,9.5,4.2,N.C.,856.6,4.8,808.8,4.9,856.6,4.8,856.6,4.8,
2014\02\02 05:43:24,9.5,4.6,N.C.,853.1,5.2,808.5,5.4,853.1,5.2,853.1,5.2,
2014\02\02 08:43:24,9.3,3.8,N.C.,854,4.6,808.6,4.8,854,4.6,854,4.6,
2014\02\02 11:43:24,9.5,9.5,N.C.,853.9,10.1,809.5,10.2,853.9,10.1,853.9,10.1,
2014\02\02 14:43:24,9.5,9.2,N.C.,853.8,9.3,809.2,9.4,853.8,9.3,853.8,9.3,
2014\02\02 17:43:24,9.5,6.9,N.C.,854.4,7.3,808.9,7.5,854.4,7.3,854.4,7.3,
2014\02\02 20:43:24,9.5,6.3,N.C.,857.2,6.8,808.9,7,857.2,6.8,857.2,6.8,
2014\02\02 23:43:24,9.5,5.9,N.C.,854.5,6.5,808.5,6.6,854.5,6.5,854.5,6.5,
2014\02\03 02:43:24,9.5,6,N.C.,856.2,6.7,808.6,6.8,856.2,6.7,856.2,6.7,
2014\02\03 05:43:24,9.5,5.6,N.C.,856.1,6.1,808.9,6.3,856.1,6.1,856.1,6.1,
2014\02\03 08:43:24,9.4,6,N.C.,855,6.7,808.7,6.9,855,6.7,855,6.7,
2014\02\03 11:43:24,9.5,7.7,N.C.,851.8,8.3,808.7,8.5,851.8,8.3,851.8,8.3,
2014\02\03 14:43:24,9.5,7.3,N.C.,857.2,7.7,808.9,7.9,857.2,7.7,857.2,7.7,
2014\02\03 17:43:24,9.5,7,N.C.,854.4,7.5,808.8,7.6,854.4,7.5,854.4,7.5,
2014\02\03 20:43:24,9.6,6.6,N.C.,856.9,7.1,808.8,7.2,856.9,7.1,856.9,7.1,
2014\02\03 23:43:24,9.5,6.3,N.C.,854.9,6.7,808.5,6.9,854.9,6.7,854.9,6.7,
2014\02\04 02:43:24,9.5,6,N.C.,849.5,6.5,808.9,6.6,849.5,6.5,849.5,6.5,
2014\02\04 05:43:24,9.6,5.9,N.C.,851.3,6.4,808.8,6.5,851.3,6.4,851.3,6.4,
2014\02\04 08:43:24,9.4,5.6,N.C.,857,6.1,808.7,6.2,857,6.1,857,6.1,
2014\02\04 11:43:24,9.5,5.7,N.C.,855.5,6.3,808.8,6.5,855.5,6.3,855.5,6.3,
2014\02\04 14:43:24,9.5,6.6,N.C.,856.5,7.2,809.4,7.3,856.5,7.2,856.5,7.2,
2014\02\04 17:43:24,9.5,6.4,N.C.,849.6,6.8,809.1,6.9,849.6,6.8,849.6,6.8,
2014\02\04 20:43:24,9.6,5.8,N.C.,849,6.4,808.9,6.5,849,6.4,849,6.4,
2014\02\04 23:43:24,9.6,5.7,N.C.,849.2,6.3,808.7,6.4,849.2,6.3,849.2,6.3,
2014\02\05 02:43:24,9.6,5.9,N.C.,853.9,6.5,808.8,6.6,853.9,6.5,853.9,6.5,
2014\02\05 05:43:24,9.6,5.8,N.C.,849.8,6.3,808.6,6.5,849.8,6.3,849.8,6.3,
2014\02\05 08:43:24,9.4,5.9,N.C.,848.9,6.5,808.7,6.6,848.9,6.5,848.9,6.5,
2014\02\05 11:43:24,9.5,6.5,N.C.,849.7,7,808.7,7.2,849.7,7,849.7,7,
2014\02\05 14:43:24,9.5,6.7,N.C.,851.7,7.1,808.9,7.3,851.7,7.1,851.7,7.1,
2014\02\05 17:43:24,9.6,6.5,N.C.,855.1,6.9,808.6,7,855.1,6.9,855.1,6.9,
2014\02\05 20:43:24,9.6,5.3,N.C.,850.8,5.6,808.7,5.9,850.8,5.6,850.8,5.6,
2014\02\05 23:43:24,9.6,4.7,N.C.,851.4,5.2,808.8,5.4,851.4,5.2,851.4,5.2,
2014\02\06 02:43:24,9.6,4.3,N.C.,853.2,4.8,808.9,5,853.2,4.8,853.2,4.8,
2014\02\06 05:43:24,9.5,2,N.C.,862.3,2.4,808.7,2.6,862.3,2.4,862.3,2.4,
2014\02\06 08:43:24,9.3,1.5,N.C.,849.8,2.5,808.5,2.6,849.8,2.5,849.8,2.5,
2014\02\06 11:43:24,9.5,8.7,N.C.,879.4,12.6,806.6,12.1,879.4,12.6,879.4,12.6,
2014\02\06 14:43:24,9.6,10.3,N.C.,855,11.1,809.2,11.4,855,11.1,855,11.1,
2014\02\06 17:43:24,9.6,7.4,N.C.,869.6,7.4,809.4,7.8,869.6,7.4,869.6,7.4,
2014\02\06 20:43:24,9.6,3.3,N.C.,855.1,3.9,808.7,4.2,855.1,3.9,855.1,3.9,
2014\02\06 23:43:24,9.5,1.3,N.C.,852.4,1.9,808.8,2.1,852.4,1.9,852.4,1.9,
2014\02\07 02:43:24,9.5,2.6,N.C.,849.5,3.3,808.5,3.6,849.5,3.3,849.5,3.3,
2014\02\07 05:43:24,9.5,4.2,N.C.,855,5.2,808.3,5.3,855,5.2,855,5.2,
2014\02\07 08:43:24,9.4,5,N.C.,851.6,5.7,808.8,5.8,851.6,5.7,851.6,5.7,
2014\02\07 11:43:24,9.5,5.8,N.C.,851.6,6.3,808.6,6.5,851.6,6.3,851.6,6.3,
2014\02\07 14:43:24,9.5,6.8,N.C.,852.9,7.2,808.6,7.4,852.9,7.2,852.9,7.2,
2014\02\07 17:43:24,9.6,5.4,N.C.,851.4,5.8,808.7,6,851.4,5.8,851.4,5.8,
2014\02\07 20:43:24,9.6,4.6,N.C.,854.5,5.1,808.8,5.3,854.5,5.1,854.5,5.1,
2014\02\07 23:43:24,9.6,4.5,N.C.,854.4,5.1,808.6,5.3,854.4,5.1,854.4,5.1,
2014\02\08 02:43:24,9.6,2,N.C.,854.1,2.8,808.5,3,854.1,2.8,854.1,2.8,
2014\02\08 05:43:24,9.5,-0.5,N.C.,858.5,0.1,809,0.4,858.5,0.1,858.5,0.1,
2014\02\08 08:43:24,9.3,0.1,N.C.,848.7,1.2,808.6,1.4,848.7,1.2,848.7,1.2,
2014\02\08 11:43:24,9.5,6.9,N.C.,857.8,7.8,810.6,8.1,857.8,7.8,857.8,7.8,
2014\02\08 14:43:24,9.6,7.3,N.C.,853.6,7.6,809,7.9,853.6,7.6,853.6,7.6,
2014\02\08 17:43:24,9.6,5.7,N.C.,855.2,6.2,808.7,6.4,855.2,6.2,855.2,6.2,
2014\02\08 20:43:24,9.6,5.5,N.C.,857.2,5.8,808.7,6,857.2,5.8,857.2,5.8,
2014\02\08 23:43:24,9.6,5,N.C.,855,5.4,808.7,5.6,855,5.4,855,5.4,
2014\02\09 02:43:24,9.6,4.9,N.C.,849.2,5.4,808.6,5.6,849.2,5.4,849.2,5.4,
2014\02\09 05:43:24,9.6,4.8,N.C.,853.5,5.3,809,5.5,853.5,5.3,853.5,5.3,
2014\02\09 08:43:24,9.4,5.3,N.C.,851.4,5.8,808.7,5.9,851.4,5.8,851.4,5.8,
2014\02\09 11:43:24,9.6,8.4,N.C.,862.8,10.4,809.5,10.5,862.8,10.4,862.8,10.4,
2014\02\09 14:43:24,9.6,10.1,N.C.,870.4,11.2,808.9,11.4,870.4,11.2,870.4,11.2,
2014\02\09 17:43:24,9.7,8.2,N.C.,876.4,8.1,808.9,8.6,876.4,8.1,876.4,8.1,
2014\02\09 20:43:24,9.6,2.8,N.C.,851.5,3.5,808.5,3.8,851.5,3.5,851.5,3.5,
2014\02\09 23:43:24,9.6,3.9,N.C.,851.7,4.5,808.5,4.7,851.7,4.5,851.7,4.5,
2014\02\10 02:43:24,9.6,4.7,N.C.,850.8,5.3,808.8,5.5,850.8,5.3,850.8,5.3,
2014\02\10 05:43:24,9.6,4.5,N.C.,850,4.9,808.8,5.2,850,4.9,850,4.9,
2014\02\10 08:43:24,9.4,4.5,N.C.,852.7,4.9,808.7,5.2,852.7,4.9,852.7,4.9,
2014\02\10 11:43:24,9.5,5,N.C.,856,5.3,808.8,5.4,856,5.3,856,5.3,
2014\02\10 14:43:24,9.5,4.3,N.C.,855.5,4.7,809.2,4.9,855.5,4.7,855.5,4.7,
2014\02\10 17:43:24,9.6,2.4,N.C.,853.9,3.1,808.9,3.2,853.9,3.1,853.9,3.1,
2014\02\10 20:43:24,9.6,3.1,N.C.,854.1,3.9,808.9,4,854.1,3.9,854.1,3.9,
2014\02\10 23:43:24,9.6,3.6,N.C.,855.1,4.3,808.6,4.4,855.1,4.3,855.1,4.3,
2014\02\11 02:43:24,9.6,3.7,N.C.,851.1,4.3,808.9,4.4,851.1,4.3,851.1,4.3,
2014\02\11 05:43:24,9.6,2,N.C.,853.5,2.6,808.7,2.8,853.5,2.6,853.5,2.6,
2014\02\11 08:43:24,9.4,3.2,N.C.,850.8,4.1,808.8,4.3,850.8,4.1,850.8,4.1,
2014\02\11 11:43:24,9.5,7.2,N.C.,855.2,8.8,810.7,8.8,855.2,8.8,855.2,8.8,
2014\02\11 14:43:24,9.6,9.1,N.C.,858.6,10.2,809.4,10.3,858.6,10.2,858.6,10.2,
2014\02\11 17:43:24,9.7,7,N.C.,855.3,7.3,809.3,7.6,855.3,7.3,855.3,7.3,
2014\02\11 20:43:24,9.6,3,N.C.,853.7,3.1,808.9,3.5,853.7,3.1,853.7,3.1,
2014\02\11 23:43:24,9.7,4.8,N.C.,852,5.6,808.5,5.8,852,5.6,852,5.6,
2014\02\12 02:43:24,9.6,4,N.C.,863.5,4.2,808.9,4.5,863.5,4.2,863.5,4.2,
2014\02\12 05:43:24,9.6,0.5,N.C.,855.6,1.4,808.9,1.6,855.6,1.4,855.6,1.4,
2014\02\12 08:43:24,9.3,0.7,N.C.,855.2,2.2,808,2.4,855.2,2.2,855.2,2.2,
2014\02\12 11:43:24,9.5,11.4,N.C.,868.9,17.3,809.9,17.1,868.9,17.3,868.9,17.3,
2014\02\12 14:43:24,9.7,14.5,N.C.,868.8,15.2,809.1,15.5,868.8,15.2,868.8,15.2,
2014\02\12 17:43:24,9.8,9.3,N.C.,856,8.7,809.3,9.1,856,8.7,856,8.7,
2014\02\12 20:43:24,9.8,5.8,N.C.,865.7,5.9,808.5,6.1,865.7,5.9,865.7,5.9,
2014\02\12 23:43:24,9.8,3.6,N.C.,859.6,3.8,808.9,4.1,859.6,3.8,859.6,3.8,
2014\02\13 02:43:24,9.8,2.5,N.C.,851.7,3.7,807.2,3.8,851.7,3.7,851.7,3.7,
2014\02\13 05:43:24,9.8,2,N.C.,852,2.6,808.6,2.9,852,2.6,852,2.6,
2014\02\13 08:43:24,9.5,2.4,N.C.,854.3,3.2,808.8,3.5,854.3,3.2,854.3,3.2,
2014\02\13 11:43:24,9.6,7.6,N.C.,858.3,7.8,809.7,8,858.3,7.8,858.3,7.8,
2014\02\13 14:43:24,9.6,5.7,N.C.,866,6.3,808.9,6.5,866,6.3,866,6.3,
2014\02\13 17:43:24,9.7,4.9,N.C.,855.6,5.3,809.1,5.5,855.6,5.3,855.6,5.3,
2014\02\13 20:43:24,9.7,4,N.C.,854,4.7,809,4.9,854,4.7,854,4.7,
2014\02\13 23:43:24,9.7,2.1,N.C.,850.7,2.7,808.7,3,850.7,2.7,850.7,2.7,
2014\02\14 02:43:24,9.8,0.7,N.C.,852.1,1.1,809.2,1.4,852.1,1.1,852.1,1.1,
2014\02\14 05:43:24,9.7,-0.7,N.C.,862.4,0,808.6,0.2,862.4,0,862.4,0,
2014\02\14 08:43:24,9.4,0,N.C.,853.6,1.3,808.4,1.6,853.6,1.3,853.6,1.3,
2014\02\14 11:43:24,9.6,11,N.C.,878.4,16.4,813.2,16.6,878.4,16.4,878.4,16.4,
2014\02\14 14:43:24,9.7,11.2,N.C.,855.9,12.2,809,12.5,855.9,12.2,855.9,12.2,
2014\02\14 17:43:24,9.8,8.6,N.C.,854.9,8.4,809.5,8.8,854.9,8.4,854.9,8.4,
2014\02\14 20:43:24,9.8,4.5,N.C.,851.1,5.5,807.4,5.5,851.1,5.5,851.1,5.5,
2014\02\14 23:43:24,9.8,5.7,N.C.,863.1,6.1,808.7,6.3,863.1,6.1,863.1,6.1,
2014\02\15 02:43:24,9.9,5,N.C.,851,5.3,808.4,5.6,851,5.3,851,5.3,
2014\02\15 05:43:24,9.9,3.3,N.C.,853.6,4.1,809,4.3,853.6,4.1,853.6,4.1,
2014\02\15 08:43:24,9.6,4.4,N.C.,851,5.4,808.6,5.5,851,5.4,851,5.4,
2014\02\15 11:43:24,9.8,8.7,N.C.,867.9,9.2,809.1,9.3,867.9,9.2,867.9,9.2,
2014\02\15 14:43:24,9.9,9.4,N.C.,868.6,9.7,808.8,9.8,868.6,9.7,868.6,9.7,
2014\02\15 17:43:24,9.9,6.8,N.C.,853.8,7.1,808.9,7.3,853.8,7.1,853.8,7.1,
2014\02\15 20:43:24,9.9,6.2,N.C.,854.9,6.8,808.8,7,854.9,6.8,854.9,6.8,
2014\02\15 23:43:24,10,6,N.C.,853.4,6.7,808.4,6.9,853.4,6.7,853.4,6.7,
2014\02\16 02:43:24,10,5.9,N.C.,853.2,6.4,808.8,6.6,853.2,6.4,853.2,6.4,
2014\02\16 05:43:24,10,5.8,N.C.,852.5,6.5,808.9,6.6,852.5,6.5,852.5,6.5,
2014\02\16 08:43:24,9.8,6.4,N.C.,852.6,6.9,808.8,7,852.6,6.9,852.6,6.9,
2014\02\16 11:43:24,9.9,6.9,N.C.,854.1,7.4,809,7.6,854.1,7.4,854.1,7.4,
2014\02\16 14:43:24,10,7.5,N.C.,867,7.9,808.8,8.1,867,7.9,867,7.9,
2014\02\16 17:43:24,10,7,N.C.,862.1,7.4,809,7.5,862.1,7.4,862.1,7.4,
2014\02\16 20:43:24,10,6.5,N.C.,866,7,808.7,7.1,866,7,866,7,
2014\02\16 23:43:24,10,6.4,N.C.,862.8,6.9,808.8,7.1,862.8,6.9,862.8,6.9,
2014\02\17 02:43:24,10,6.4,N.C.,866.3,7,808.8,7.1,866.3,7,866.3,7,
2014\02\17 05:43:24,10,6.5,N.C.,856.7,7.1,808.8,7.2,856.7,7.1,856.7,7.1,
2014\02\17 08:43:24,9.8,6.8,N.C.,854,7.3,808.7,7.5,854,7.3,854,7.3,
2014\02\17 11:43:24,10,9.2,N.C.,856.6,9.6,809.3,9.7,856.6,9.6,856.6,9.6,
2014\02\17 14:43:24,10,10.3,N.C.,856.9,11,810.5,11.1,856.9,11,856.9,11,
2014\02\17 17:43:24,10,9.2,N.C.,854.7,9.4,808.9,9.6,854.7,9.4,854.7,9.4,
2014\02\17 20:43:24,10,6.6,N.C.,855.3,7.4,808.8,7.5,855.3,7.4,855.3,7.4,
2014\02\17 23:43:24,10,7.4,N.C.,853.2,8,808.8,8.1,853.2,8,853.2,8,
2014\02\18 02:43:24,10,6.5,N.C.,861.2,7.2,808.5,7.3,861.2,7.2,861.2,7.2,
2014\02\18 05:43:24,10,4.1,N.C.,851.8,4.6,808.7,4.8,851.8,4.6,851.8,4.6,
2014\02\18 08:43:24,9.8,6.2,N.C.,867.9,7.2,809.1,7.3,867.9,7.2,867.9,7.2,
2014\02\18 11:43:24,10,12.6,N.C.,863.2,14.8,813.4,15,863.2,14.8,863.2,14.8,
2014\02\18 14:43:24,10.1,12.8,N.C.,866.8,13.4,810.2,13.7,866.8,13.4,866.8,13.4,
2014\02\18 17:43:24,10,9.8,N.C.,854.7,9.9,808.7,10.1,854.7,9.9,854.7,9.9,
2014\02\18 20:43:24,10.1,8.2,N.C.,867.2,8.8,808.8,8.9,867.2,8.8,867.2,8.8,
2014\02\18 23:43:24,10.1,8.5,N.C.,867.6,9,808.8,9.2,867.6,9,867.6,9,
2014\02\19 02:43:24,10.1,7.8,N.C.,855.4,8,808.8,8.3,855.4,8,855.4,8,
2014\02\19 05:43:24,10.1,7.1,N.C.,857,7.7,808.8,7.9,857,7.7,857,7.7,
2014\02\19 08:43:24,9.9,7.6,N.C.,874.8,8.2,808.9,8.4,874.8,8.2,874.8,8.2,
2014\02\19 11:43:24,10,8.3,N.C.,857.4,8.8,809,9,857.4,8.8,857.4,8.8,
2014\02\19 14:43:24,10,8.4,N.C.,866.6,9.1,808.8,9.3,866.6,9.1,866.6,9.1,
2014\02\19 17:43:24,10.1,8.5,N.C.,854.2,8.8,808.8,9,854.2,8.8,854.2,8.8,
2014\02\19 20:43:24,10.1,7.6,N.C.,866.9,8.2,808.7,8.3,866.9,8.2,866.9,8.2,
2014\02\19 23:43:24,10.1,6.9,N.C.,860,7.4,808.6,7.6,860,7.4,860,7.4,
2014\02\20 02:43:24,10,6.8,N.C.,858,7.3,808.7,7.4,858,7.3,858,7.3,
2014\02\20 05:43:24,10,6.6,N.C.,878,7,809.1,7.2,878,7,878,7,
2014\02\20 08:43:24,9.9,7.2,N.C.,858.8,7.9,808.6,8.1,858.8,7.9,858.8,7.9,
2014\02\20 09:08:06,9.4,8.1,N.C.,868.3,8.5,808.6,8.6,868.3,8.5,868.3,8.5,
2014\02\20 12:08:07,9.9,11.6,N.C.,860.5,13.2,809.9,13.4,860.5,13.2,860.5,13.2,
2014\02\20 15:08:07,10,12.6,N.C.,858.4,13.4,809.4,13.6,858.4,13.4,858.4,13.4,
2014\02\20 18:08:07,10.1,9.3,N.C.,869.1,9.2,809.1,9.5,869.1,9.2,869.1,9.2,
2014\02\20 21:08:07,10,6,N.C.,864.7,6.9,808.7,7,864.7,6.9,864.7,6.9,
2014\02\21 00:08:07,10,6.7,N.C.,856.9,7.1,808.7,7.4,856.9,7.1,856.9,7.1,
2014\02\21 03:08:07,10,4.8,N.C.,853.8,5.8,808.4,5.9,853.8,5.8,853.8,5.8,
2014\02\21 06:08:07,10,3.7,N.C.,852.6,4.2,808.7,4.4,852.6,4.2,852.6,4.2,
2014\02\21 09:08:07,9.9,8.4,N.C.,870.6,10.2,808.5,10.3,870.6,10.2,870.6,10.2,
2014\02\21 12:08:07,10,17,N.C.,869.8,17.8,815.4,18.2,869.8,17.8,869.8,17.8,
2014\02\21 15:08:07,10.1,14.7,N.C.,858.6,14.5,810.5,14.7,858.6,14.5,858.6,14.5,
2014\02\21 18:08:07,10.1,9.9,N.C.,856,9.8,809.1,10.1,856,9.8,856,9.8,
2014\02\21 21:08:07,10.1,7.9,N.C.,856.2,8.4,808.8,8.6,856.2,8.4,856.2,8.4,
2014\02\22 00:08:07,10.1,7.4,N.C.,855.7,7.9,808.9,8.1,855.7,7.9,855.7,7.9,
2014\02\22 03:08:07,10.1,6,N.C.,858.9,6,809.3,6.3,858.9,6,858.9,6,
2014\02\22 06:08:07,10,5.8,N.C.,857.5,6.4,809,6.5,857.5,6.4,857.5,6.4,
2014\02\22 09:08:07,9.9,6.9,N.C.,855.2,8.2,809.8,8.2,855.2,8.2,855.2,8.2,
2014\02\22 12:08:07,10,18.4,N.C.,879.8,22.1,819,22.5,879.8,22.1,879.8,22.1,
2014\02\22 15:08:07,10.1,13.3,N.C.,868.5,14.1,809.2,14.5,868.5,14.1,868.5,14.1,
2014\02\22 18:08:07,10.1,8.8,N.C.,855.1,8.8,809.1,9.1,855.1,8.8,855.1,8.8,
2014\02\22 21:08:07,10.1,5.8,N.C.,855.8,6.4,808.5,6.6,855.8,6.4,855.8,6.4,
2014\02\23 00:08:07,10,5.7,N.C.,855.8,6.1,808.4,6.3,855.8,6.1,855.8,6.1,
2014\02\23 03:08:07,10,5.1,N.C.,855.6,5.2,808.9,5.5,855.6,5.2,855.6,5.2,
2014\02\23 06:08:07,10,1.5,N.C.,854.3,1.9,808.8,2.2,854.3,1.9,854.3,1.9,
2014\02\23 09:08:07,9.8,5.6,N.C.,854.4,6.9,808.4,7.1,854.4,6.9,854.4,6.9,
2014\02\23 12:08:07,10,20.7,N.C.,917,25.2,821.6,25.6,917,25.2,917,25.2,
2014\02\23 15:08:07,10.1,13.1,N.C.,862.8,14.3,809,14.9,862.8,14.3,862.8,14.3,
2014\02\23 18:08:08,10.1,8.9,N.C.,857.2,8.7,809.6,9.1,857.2,8.7,857.2,8.7,
2014\02\23 21:08:08,10.1,3.7,N.C.,854.7,4,808.8,4.3,854.7,4,854.7,4,
2014\02\24 00:08:08,10,5,N.C.,861.3,5.3,808.7,5.6,861.3,5.3,861.3,5.3,
2014\02\24 03:08:08,10,2.9,N.C.,851.8,3.9,807.6,4.2,851.8,3.9,851.8,3.9,
2014\02\24 06:08:08,10,0.4,N.C.,851.7,0.9,809.1,1.2,851.7,0.9,851.7,0.9,
2014\02\24 09:12:01,9.1,3.2,N.C.,861.1,5,808.6,5.1,861.1,5,861.1,5,
2014\02\24 12:12:01,9.8,19.9,N.C.,895.9,24.7,817.3,25,895.9,24.7,895.9,24.7,
2014\02\24 15:12:01,10,13.9,N.C.,868.2,15.7,809.3,16.2,868.2,15.7,868.2,15.7,
2014\02\24 18:12:01,10.1,8.4,N.C.,857.8,8.2,809.5,8.6,857.8,8.2,857.8,8.2,
2014\02\24 21:12:01,10,3.6,N.C.,857.8,3.9,809,4.2,857.8,3.9,857.8,3.9,
2014\02\25 00:12:01,10,4.6,N.C.,853.8,5,808.7,5.3,853.8,5,853.8,5,
2014\02\25 03:12:01,10,1.2,N.C.,852.1,2.3,808.1,2.5,852.1,2.3,852.1,2.3,
2014\02\25 06:12:01,9.9,-0.5,N.C.,859.4,-0.1,809,0.2,859.4,-0.1,859.4,-0.1,
2014\02\25 09:12:01,9.3,5.6,N.C.,855.7,6.7,808.9,6.9,855.7,6.7,855.7,6.7,
2014\02\25 12:12:01,9.8,18.1,N.C.,884.5,22.4,819,22.6,884.5,22.4,884.5,22.4,
2014\02\25 15:12:01,10,14.3,N.C.,870,15.5,809.1,15.7,870,15.5,870,15.5,
2014\02\25 18:12:01,10.1,9.3,N.C.,858.5,9.4,808.9,9.6,858.5,9.4,858.5,9.4,
2014\02\25 21:12:01,10.1,7.4,N.C.,859.6,8,808.8,8.2,859.6,8,859.6,8,
2014\02\26 00:12:01,10,6.8,N.C.,856.2,7,809.2,7.4,856.2,7,856.2,7,
2014\02\26 03:12:01,10,6.5,N.C.,858.9,7.5,807.9,7.7,858.9,7.5,858.9,7.5,
2014\02\26 06:12:01,10,5.9,N.C.,856,6.6,808.7,6.8,856,6.6,856,6.6,
2014\02\26 09:12:01,9.7,7,N.C.,855.1,7.6,809,7.8,855.1,7.6,855.1,7.6,
2014\02\26 12:12:01,10,7.6,N.C.,856,8.1,808.9,8.4,856,8.1,856,8.1,
2014\02\26 15:12:01,10,8.2,N.C.,859.6,8.9,809.3,9.3,859.6,8.9,859.6,8.9,
2014\02\26 18:12:01,10,7,N.C.,868.3,7.3,808.5,7.5,868.3,7.3,868.3,7.3,
2014\02\26 21:12:01,10,6.9,N.C.,869.9,7.4,808.8,7.7,869.9,7.4,869.9,7.4,
2014\02\27 00:12:01,10,4.6,N.C.,865.7,5,808.9,5.2,865.7,5,865.7,5,
2014\02\27 03:12:01,10,4.6,N.C.,868.7,5.1,808.8,5.3,868.7,5.1,868.7,5.1,
2014\02\27 06:12:01,10,4.3,N.C.,869.7,5,808.9,5.2,869.7,5,869.7,5,
2014\02\27 09:12:01,9.4,5.2,N.C.,870,5.8,808.7,5.9,870,5.8,870,5.8,
2014\02\27 12:12:01,9.8,9.6,N.C.,861.9,10.4,811.7,10.8,861.9,10.4,861.9,10.4,
2014\02\27 15:12:01,10,10.5,N.C.,879.6,11.3,809.9,11.5,879.6,11.3,879.6,11.3,
2014\02\27 18:12:01,10,5.7,N.C.,863.1,6.2,809,6.5,863.1,6.2,863.1,6.2,
2014\02\27 21:12:01,10,4.4,N.C.,868.9,5,808.8,5.3,868.9,5,868.9,5,
2014\02\28 00:12:01,10,4.8,N.C.,879.6,5.2,808.8,5.5,879.6,5.2,879.6,5.2,
2014\02\28 03:12:01,10,1.5,N.C.,859.1,2,808.8,2.2,859.1,2,859.1,2,
2014\02\28 06:12:01,9.9,1.4,N.C.,863.3,2.9,808,3,863.3,2.9,863.3,2.9,
2014\02\28 09:12:01,9.7,5.2,N.C.,857.9,6.1,808.9,6.5,857.9,6.1,857.9,6.1,
2014\02\28 12:12:01,10,10,N.C.,865.6,10.5,810.6,10.6,865.6,10.5,865.6,10.5,
2014\02\28 15:12:01,10,9.4,N.C.,865.7,9.6,809.4,9.7,865.7,9.6,865.7,9.6,
2014\02\28 18:12:01,10,7.3,N.C.,859,7.7,808.8,7.9,859,7.7,859,7.7,
2014\02\28 21:12:01,10,7.3,N.C.,855.7,7.2,809,7.6,855.7,7.2,855.7,7.2,
2014\03\01 00:12:01,10,6.1,N.C.,865,6.3,808.9,6.5,865,6.3,865,6.3,
2014\03\01 03:12:01,10,6.1,N.C.,855.9,6.1,808.6,6.4,855.9,6.1,855.9,6.1,
2014\03\01 06:12:01,10,5.7,N.C.,858.8,5.9,808.7,6.2,858.8,5.9,858.8,5.9,
2014\03\01 09:12:01,9.7,5.4,N.C.,867.6,5.8,808.7,6.1,867.6,5.8,867.6,5.8,
2014\03\01 12:12:01,10,6.4,N.C.,859.1,7.4,808.7,7.6,859.1,7.4,859.1,7.4,
2014\03\01 15:12:01,10,6.9,N.C.,862.4,7,808.8,7.4,862.4,7,862.4,7,
2014\03\01 18:12:01,10,5.9,N.C.,858.3,6.4,808.8,6.6,858.3,6.4,858.3,6.4,
2014\03\01 21:12:01,10,5.6,N.C.,863.1,6.2,808.9,6.5,863.1,6.2,863.1,6.2,
2014\03\02 00:12:01,10,5.5,N.C.,856.4,6,808.9,6.2,856.4,6,856.4,6,
2014\03\02 03:12:01,10,5.4,N.C.,861.1,6,808.8,6.2,861.1,6,861.1,6,
2014\03\02 06:12:01,10,5.1,N.C.,857.3,5.7,808.8,5.9,857.3,5.7,857.3,5.7,
2014\03\02 09:12:01,9.4,6.8,N.C.,857,8.1,809.1,8.3,857,8.1,857,8.1,
2014\03\02 12:12:01,9.9,14.6,N.C.,885.6,21.1,815.2,21.5,885.6,21.1,885.6,21.1,
2014\03\02 15:12:01,10,13.4,N.C.,867.4,14.7,809.6,15,867.4,14.7,867.4,14.7,
2014\03\02 18:12:01,10.1,9.2,N.C.,882,8.9,809.6,9.3,882,8.9,882,8.9,
2014\03\02 21:12:01,10,6.4,N.C.,860.3,7.2,809.2,7.4,860.3,7.2,860.3,7.2,
2014\03\03 00:12:01,10,5.6,N.C.,859.4,6.2,808.8,6.4,859.4,6.2,859.4,6.2,
2014\03\03 03:12:01,10,4,N.C.,855.3,4.3,809,4.7,855.3,4.3,855.3,4.3,
2014\03\03 06:12:01,10.1,4.8,N.C.,859.4,5.5,808.4,5.7,859.4,5.5,859.4,5.5,
2014\03\03 09:12:01,9.4,7.8,N.C.,867.8,9.1,809.4,9.1,867.8,9.1,867.8,9.1,
2014\03\03 12:12:01,9.9,12.4,N.C.,863.8,12.6,813,12.9,863.8,12.6,863.8,12.6,
2014\03\03 15:12:01,10,11.1,N.C.,863.2,11.1,810,11.4,863.2,11.1,863.2,11.1,
2014\03\03 18:12:01,10,8.9,N.C.,859,9.2,809.1,9.5,859,9.2,859,9.2,
2014\03\03 21:12:01,10,6.7,N.C.,857.6,7.1,808.9,7.3,857.6,7.1,857.6,7.1,
2014\03\04 00:12:01,10,7.2,N.C.,857.2,7.5,808.6,7.8,857.2,7.5,857.2,7.5,
2014\03\04 03:12:01,10,6,N.C.,855.2,6.3,808.8,6.6,855.2,6.3,855.2,6.3,
2014\03\04 06:12:01,10,5.7,N.C.,876.1,6.3,808.6,6.5,876.1,6.3,876.1,6.3,
2014\03\04 09:12:01,9.8,9.2,N.C.,862.1,10.9,809.1,10.9,862.1,10.9,862.1,10.9,
2014\03\04 10:07:25,9.6,10.2,N.C.,861.6,11.5,809.5,11.8,861.6,11.5,861.6,11.5,
2014\03\04 13:07:26,10.1,16.1,N.C.,869.5,16.4,811.5,16.7,869.5,16.4,869.5,16.4,
2014\03\04 16:07:26,10.1,13.3,N.C.,862.9,13.1,809.7,13.3,862.9,13.1,862.9,13.1,
2014\03\04 19:07:26,10.1,7.4,N.C.,864.4,7.7,808.8,8,864.4,7.7,864.4,7.7,
2014\03\04 22:07:26,10.1,5.6,N.C.,864.1,6.1,808.8,6.3,864.1,6.1,864.1,6.1,
2014\03\05 01:07:26,10,5.7,N.C.,861.2,5.7,809.4,6.1,861.2,5.7,861.2,5.7,
2014\03\05 04:07:26,10,3.5,N.C.,868.3,4.2,808.7,4.4,868.3,4.2,868.3,4.2,
2014\03\05 07:07:26,10,1.9,N.C.,867.2,3.2,808,3.2,867.2,3.2,867.2,3.2,
2014\03\05 10:07:26,9.9,10.6,N.C.,861.5,11.9,808.9,12,861.5,11.9,861.5,11.9,
2014\03\05 13:07:26,10.1,16.1,N.C.,874.5,16.4,811.1,16.7,874.5,16.4,874.5,16.4,
2014\03\05 16:07:26,10.1,16.9,N.C.,874,17.1,810,17.4,874,17.1,874,17.1,
2014\03\05 19:07:30,10.1,8.3,N.C.,874.2,8.6,809.1,8.8,874.2,8.6,874.2,8.6,
2014\03\05 22:07:30,10.1,7.3,N.C.,858,7.5,808.9,7.8,858,7.5,858,7.5,
2014\03\06 01:07:30,10.1,7.5,N.C.,858.7,7.5,808.9,7.7,858.7,7.5,858.7,7.5,
2014\03\06 04:07:30,10,3.4,N.C.,856.5,3.7,809,4,856.5,3.7,856.5,3.7,
2014\03\06 07:07:30,10,1.2,N.C.,861.6,3.8,807.6,3.8,861.6,3.8,861.6,3.8,
2014\03\06 10:07:30,9.9,8.6,N.C.,879,10,808.6,10.1,879,10,879,10,
2014\03\06 13:07:30,10.1,18.2,N.C.,880.6,18.3,811.3,18.7,880.6,18.3,880.6,18.3,
2014\03\06 16:07:34,10.1,18.1,N.C.,868.4,18.5,810,18.7,868.4,18.5,868.4,18.5,
2014\03\06 19:07:34,10.1,9.3,N.C.,866.4,9.2,809.2,9.6,866.4,9.2,866.4,9.2,
2014\03\06 22:07:34,10.1,7.7,N.C.,868.7,7.6,809.2,7.9,868.7,7.6,868.7,7.6,
2014\03\07 01:07:34,10.1,7.3,N.C.,859.9,7.6,808.5,7.8,859.9,7.6,859.9,7.6,
2014\03\07 04:07:34,10.1,4.4,N.C.,873.4,4,809.6,4.4,873.4,4,873.4,4,
2014\03\07 07:07:34,10.1,2.9,N.C.,854.3,5.2,806.7,5.2,854.3,5.2,854.3,5.2,
2014\03\07 10:12:09,9.6,12.3,N.C.,867.5,12.3,808.9,12.5,867.5,12.3,867.5,12.3,
2014\03\07 11:16:54,9.1,16.9,N.C.,864,17.1,810.1,16.9,864,17.1,864,17.1,
2014\03\07 14:16:53,9.2,18.5,N.C.,888.6,18.2,809.5,18.5,888.6,18.2,888.6,18.2,
2014\03\10 08:43:51,10,8.9,N.C.,868.7,9.8,809.2,10,868.7,9.8,868.7,9.8,
2014\03\10 08:58:24,9.4,10.1,N.C.,870,10.1,809.2,10.3,870,10.1,870,10.1,
2014\03\10 11:58:23,9.1,17.6,N.C.,883.8,22.3,815.1,22.7,883.8,22.3,883.8,22.3,
2014\03\10 14:58:52,9.2,15.5,N.C.,886.6,15.7,811.2,16,886.6,15.7,886.6,15.7,
2014\03\10 17:58:52,9.5,12.2,N.C.,863.8,11.6,809.6,12,863.8,11.6,863.8,11.6,
2014\03\10 20:58:52,9.5,7.4,N.C.,870.1,7.6,809.3,7.9,870.1,7.6,870.1,7.6,
2014\03\10 23:58:52,9.5,5.2,N.C.,864.1,5.6,809.2,5.9,864.1,5.6,864.1,5.6,
2014\03\11 02:58:52,9.5,6.3,N.C.,859.1,6.6,808.8,6.8,859.1,6.6,859.1,6.6,
2014\03\11 05:58:52,9.5,2.8,N.C.,861,3.5,808.8,3.8,861,3.5,861,3.5,
2014\03\11 08:58:52,9.3,7.3,N.C.,864.2,8.7,809,8.9,864.2,8.7,864.2,8.7,
2014\03\11 11:58:52,9.5,14.9,N.C.,899.8,16.6,811.7,16.8,899.8,16.6,899.8,16.6,
2014\03\11 14:58:52,9.6,15.9,N.C.,881.8,16.3,811.3,16.6,881.8,16.3,881.8,16.3,
2014\03\11 17:58:52,9.6,12.3,N.C.,865.7,12.3,809.7,12.6,865.7,12.3,865.7,12.3,
2014\03\11 20:58:52,9.6,6.7,N.C.,859.5,7.2,809,7.5,859.5,7.2,859.5,7.2,
2014\03\11 23:58:52,9.6,5.7,N.C.,874.6,6.1,809,6.4,874.6,6.1,874.6,6.1,
2014\03\12 02:58:52,9.6,1.9,N.C.,859,2.4,809.6,2.7,859,2.4,859,2.4,
2014\03\12 05:58:52,9.5,2.8,N.C.,866.5,2.8,809.5,3.2,866.5,2.8,866.5,2.8,
2014\03\12 08:58:52,9.4,7,N.C.,876.1,8.7,808.8,8.8,876.1,8.7,876.1,8.7,
2014\03\12 11:58:52,9.6,23.5,N.C.,887.9,28,817.3,28.3,887.9,28,887.9,28,
2014\03\12 14:58:52,9.7,18.2,N.C.,867,18.5,811,18.9,867,18.5,867,18.5,
2014\03\12 17:58:52,9.8,14,N.C.,870.1,13.7,810.3,14.2,870.1,13.7,870.1,13.7,
2014\03\12 20:58:52,9.9,7.3,N.C.,861.8,7.4,809.3,7.7,861.8,7.4,861.8,7.4,
2014\03\12 23:58:52,9.9,4.3,N.C.,858.8,4.7,808.9,5,858.8,4.7,858.8,4.7,
2014\03\13 02:58:52,9.9,5.8,N.C.,870,7,807.5,7.3,870,7,870,7,
2014\03\13 05:58:52,9.9,2.2,N.C.,868.8,2.8,809,3.1,868.8,2.8,868.8,2.8,
2014\03\13 08:58:52,9.7,8.9,N.C.,867.1,10.6,808.9,10.7,867.1,10.6,867.1,10.6,
2014\03\13 11:58:52,9.9,21.3,N.C.,892.4,25,822.5,25.7,892.4,25,892.4,25,
2014\03\13 14:58:52,10,18.3,N.C.,875.5,18.8,810,19.2,875.5,18.8,875.5,18.8,
2014\03\13 17:58:52,10,15.2,N.C.,889.7,14.9,810,15.3,889.7,14.9,889.7,14.9,
2014\03\13 20:58:52,10,8.6,N.C.,871.3,8.7,808.9,9,871.3,8.7,871.3,8.7,
2014\03\13 23:58:52,10,8.2,N.C.,881.1,8.8,808.3,9.1,881.1,8.8,881.1,8.8,
2014\03\14 02:58:52,10,4.2,N.C.,877.5,4.8,808.9,5,877.5,4.8,877.5,4.8,
2014\03\14 05:58:52,10,2.5,N.C.,860.2,3,809.1,3.3,860.2,3,860.2,3,
2014\03\14 08:58:52,9.8,9.8,N.C.,864.1,11.4,809.3,11.5,864.1,11.4,864.1,11.4,
2014\03\14 11:58:52,10,24.9,N.C.,900.4,29.2,816,29.5,900.4,29.2,900.4,29.2,
2014\03\14 14:58:52,10.1,19.6,N.C.,873.3,20.1,810.6,20.4,873.3,20.1,873.3,20.1,
2014\03\14 17:58:52,10.1,15.3,N.C.,876.6,15,809.8,15.5,876.6,15,876.6,15,
2014\03\14 20:58:52,10.1,8.1,N.C.,868.8,8.4,808.9,8.6,868.8,8.4,868.8,8.4,
2014\03\14 23:58:52,10,5.5,N.C.,867.8,6.1,808.9,6.4,867.8,6.1,867.8,6.1,
2014\03\15 02:58:52,10,3.9,N.C.,874.3,4.7,809,4.9,874.3,4.7,874.3,4.7,
2014\03\15 05:58:52,10,3,N.C.,861.4,3.7,809,4,861.4,3.7,861.4,3.7,
2014\03\15 08:58:52,9.9,9.6,N.C.,863.1,11.6,809.1,11.6,863.1,11.6,863.1,11.6,
2014\03\15 11:58:52,10.1,21.2,N.C.,887.5,22.9,814,23.4,887.5,22.9,887.5,22.9,
2014\03\15 14:58:52,10.1,19.1,N.C.,875.4,19.4,808.9,19.6,875.4,19.4,875.4,19.4,
2014\03\15 17:58:52,10.1,15.6,N.C.,888.8,14.9,809.5,15.3,888.8,14.9,888.8,14.9,
2014\03\15 20:58:52,10.1,12.6,N.C.,865.6,13,808.8,13.3,865.6,13,865.6,13,
2014\03\15 23:58:52,10.1,9.4,N.C.,870.3,10,808.5,10.1,870.3,10,870.3,10,
2014\03\16 02:58:52,10.1,7.1,N.C.,868.1,7.2,808.9,7.4,868.1,7.2,868.1,7.2,
2014\03\16 05:58:52,10,5.7,N.C.,880.4,6.1,808.9,6.3,880.4,6.1,880.4,6.1,
2014\03\16 08:58:52,9.9,12.3,N.C.,877.1,14.6,810,14.7,877.1,14.6,877.1,14.6,
2014\03\16 11:58:52,10.1,23.7,N.C.,887,28.2,816.9,28.5,887,28.2,887,28.2,
2014\03\16 14:58:52,10.1,21.6,N.C.,873.8,22.8,809.1,23,873.8,22.8,873.8,22.8,
2014\03\16 17:58:52,10.1,22.1,N.C.,882.8,21.7,809.7,22.2,882.8,21.7,882.8,21.7,
2014\03\16 20:58:52,10.1,14.6,N.C.,870.7,14,809.4,14.4,870.7,14,870.7,14,
2014\03\16 23:58:52,10.1,9.4,N.C.,864.2,9.7,808.6,9.9,864.2,9.7,864.2,9.7,
2014\03\17 02:58:52,10.1,6.1,N.C.,864.2,6.5,808.9,6.5,864.2,6.5,864.2,6.5,
2014\03\17 05:58:52,10.1,3.8,N.C.,863,4.3,808.9,4.5,863,4.3,863,4.3,
2014\03\17 08:58:53,9.9,11.3,N.C.,889.5,12.8,809.2,12.9,889.5,12.8,889.5,12.8,
2014\03\17 11:58:53,10.1,28.3,N.C.,903.9,33.9,820.3,34.4,903.9,33.9,903.9,33.9,
2014\03\17 14:59:38,10.1,24.4,N.C.,881.6,25.1,809.5,25.3,881.6,25.1,881.6,25.1,
2014\03\17 17:59:39,10.2,20.7,N.C.,886.4,20.3,810.8,20.7,886.4,20.3,886.4,20.3,
2014\03\17 20:59:39,10.1,11.7,N.C.,865.1,11.9,809,12.1,865.1,11.9,865.1,11.9,
2014\03\17 23:59:39,10.1,7.8,N.C.,865.2,7.9,809.2,8.2,865.2,7.9,865.2,7.9,
2014\03\18 02:59:39,10.1,6,N.C.,869.2,6.4,808.9,6.6,869.2,6.4,869.2,6.4,
2014\03\18 05:59:39,10.1,4.7,N.C.,869.5,5.1,809,5.3,869.5,5.1,869.5,5.1,
2014\03\18 08:59:39,9.9,12.1,N.C.,867.5,14.1,809.9,14,867.5,14.1,867.5,14.1,
2014\03\18 11:59:39,10.1,22.4,N.C.,883.4,26.1,815.7,26.5,883.4,26.1,883.4,26.1,
2014\03\18 15:05:34,8.5,20.1,N.C.,873.8,20.4,810,20.6,873.8,20.4,873.8,20.4,
2014\03\18 15:14:00,9.7,20.3,N.C.,885.6,20.6,809.6,20.7,885.6,20.6,885.6,20.6,
2014\03\18 18:14:00,10,16.4,N.C.,871.6,15.5,809.8,15.9,871.6,15.5,871.6,15.5,
2014\03\18 21:14:00,10,10,N.C.,866.4,10.5,808.8,10.7,866.4,10.5,866.4,10.5,
2014\03\19 00:14:00,10,11.1,N.C.,877.1,11.7,808.9,11.9,877.1,11.7,877.1,11.7,
2014\03\19 03:14:00,10,8.5,N.C.,876.7,9,809,9.2,876.7,9,876.7,9,
2014\03\19 06:14:00,10,6.2,N.C.,865.2,6.9,808.9,7,865.2,6.9,865.2,6.9,
2014\03\19 09:14:00,10,12.9,N.C.,869.5,13.9,808.9,14,869.5,13.9,869.5,13.9,
2014\03\19 09:57:30,9.9,16.8,N.C.,874.4,17.5,809.5,16.7,874.4,17.5,874.4,17.5,
2014\03\19 12:57:30,10.1,22.1,N.C.,876.6,22.2,809.9,22.5,876.6,22.2,876.6,22.2,
2014\03\19 15:57:30,10.1,24.3,N.C.,902,24.8,810.7,24.9,902,24.8,902,24.8,
2014\03\19 18:57:30,10.2,16,N.C.,869.7,15.4,809.4,15.6,869.7,15.4,869.7,15.4,
2014\03\19 21:57:30,10.1,12.3,N.C.,871,12.6,808.9,12.8,871,12.6,871,12.6,
2014\03\20 00:57:30,10.1,11.3,N.C.,868.4,11.5,809,11.7,868.4,11.5,868.4,11.5,
2014\03\20 03:57:30,10.1,9.7,N.C.,867.4,10,808.5,10.2,867.4,10,867.4,10,
2014\03\20 06:57:30,10.1,7.6,N.C.,864.3,8.8,808.8,8.9,864.3,8.8,864.3,8.8,
2014\03\20 09:57:30,10,15.3,N.C.,887.5,16.9,813.2,16.5,887.5,16.9,887.5,16.9,
2014\03\20 12:57:30,10.1,19.6,N.C.,878.1,19.7,814.7,20.3,878.1,19.7,878.1,19.7,
2014\03\20 15:57:30,10.1,20.1,N.C.,883,20.8,810.8,20.9,883,20.8,883,20.8,
2014\03\20 18:57:30,10.1,12.1,N.C.,868.1,11.6,809.4,12,868.1,11.6,868.1,11.6,
2014\03\20 21:57:30,10.1,8.3,N.C.,879.4,8.6,809.2,8.9,879.4,8.6,879.4,8.6,
2014\03\21 00:57:30,10.1,8.2,N.C.,872.9,9.1,808.8,9.2,872.9,9.1,872.9,9.1,
2014\03\21 03:57:30,10.1,7,N.C.,876.6,7.6,808.9,7.8,876.6,7.6,876.6,7.6,
2014\03\21 06:57:30,10.1,5.8,N.C.,863.6,6.3,809.1,6.5,863.6,6.3,863.6,6.3,
2014\03\21 09:57:30,10,15,N.C.,873.7,17.9,810.2,17.1,873.7,17.9,873.7,17.9,
2014\03\21 12:57:30,10.1,21.9,N.C.,876.1,22.8,811.4,23.1,876.1,22.8,876.1,22.8,
2014\03\21 15:57:30,10.2,21.9,N.C.,877.8,21.9,811.5,22.2,877.8,21.9,877.8,21.9,
2014\03\21 18:57:30,10.2,13.7,N.C.,869,13.9,809.2,14.1,869,13.9,869,13.9,
2014\03\21 21:57:30,10.1,12.7,N.C.,872.8,12.7,809.5,13,872.8,12.7,872.8,12.7,
2014\03\22 00:57:30,10.1,12.4,N.C.,876.3,12.6,809.3,12.8,876.3,12.6,876.3,12.6,
2014\03\22 03:57:30,10.1,11.5,N.C.,866.8,11.9,809.3,12.1,866.8,11.9,866.8,11.9,
2014\03\22 06:57:30,10.1,11.2,N.C.,876.9,11.6,808.8,11.8,876.9,11.6,876.9,11.6,
2014\03\22 09:57:30,10,13.1,N.C.,870,14.6,810,14.8,870,14.6,870,14.6,
2014\03\22 12:57:30,10.1,15.5,N.C.,882.3,15.8,810.4,16,882.3,15.8,882.3,15.8,
2014\03\22 15:57:30,10.1,13.3,N.C.,873.7,13.1,809.2,13.5,873.7,13.1,873.7,13.1,
2014\03\22 18:57:30,10.1,10.6,N.C.,873.6,10.6,808.9,10.8,873.6,10.6,873.6,10.6,
2014\03\22 21:57:30,10.1,9.7,N.C.,877.4,10,809,10.1,877.4,10,877.4,10,
2014\03\23 00:57:30,10.1,9.3,N.C.,890.6,9.5,809.4,9.7,890.6,9.5,890.6,9.5,
2014\03\23 03:57:30,10.1,8,N.C.,881.4,8.2,809.4,8.3,881.4,8.2,881.4,8.2,
2014\03\23 06:57:30,10.1,9.3,N.C.,889.6,9.7,809,9.8,889.6,9.7,889.6,9.7,
2014\03\23 09:57:30,10,11.2,N.C.,870.3,11,810.7,11.1,870.3,11,870.3,11,
2014\03\23 12:57:30,10.1,12.7,N.C.,882.8,14,810.5,14.2,882.8,14,882.8,14,
2014\03\23 15:57:30,10.1,11.9,N.C.,870.1,12.5,810.2,12.7,870.1,12.5,870.1,12.5,
2014\03\23 18:57:30,10,6.8,N.C.,870.3,6.8,809.2,7.3,870.3,6.8,870.3,6.8,
2014\03\23 21:57:30,10,5.6,N.C.,864.9,6,808.5,6.4,864.9,6,864.9,6,
2014\03\24 00:57:30,10,5.8,N.C.,870.6,6.5,809,6.7,870.6,6.5,870.6,6.5,
2014\03\24 03:57:30,10.1,3.7,N.C.,865.1,4.4,808.8,4.6,865.1,4.4,865.1,4.4,
2014\03\24 06:57:30,10,3.1,N.C.,864.6,4.3,808.8,4.6,864.6,4.3,864.6,4.3,
2014\03\24 09:57:30,9.9,10,N.C.,891.9,11.4,811.4,11.4,891.9,11.4,891.9,11.4,
2014\03\24 12:57:30,10,16.1,N.C.,875.7,17.4,811.3,18,875.7,17.4,875.7,17.4,
2014\03\24 15:57:30,10.1,18,N.C.,876.8,17.9,813.1,18.3,876.8,17.9,876.8,17.9,
2014\03\24 18:57:30,10.1,9.4,N.C.,876.7,9,809.5,9.3,876.7,9,876.7,9,
2014\03\24 21:57:30,10,4.2,N.C.,876.6,4.8,808.9,5.1,876.6,4.8,876.6,4.8,
2014\03\25 00:57:30,10,1.7,N.C.,865.5,2.1,809,2.5,865.5,2.1,865.5,2.1,
2014\03\25 03:57:30,10,2.1,N.C.,864.9,2.7,808.8,3.1,864.9,2.7,864.9,2.7,
2014\03\25 06:57:30,10,4.3,N.C.,867.4,5.2,808.7,5.4,867.4,5.2,867.4,5.2,
2014\03\25 09:57:30,9.9,11.1,N.C.,876.1,13.5,814.8,13.8,876.1,13.5,876.1,13.5,
2014\03\25 12:57:30,10,12.1,N.C.,873.7,13.1,811.4,13.3,873.7,13.1,873.7,13.1,
2014\03\25 15:57:30,10,11,N.C.,867.1,11.3,809.6,11.5,867.1,11.3,867.1,11.3,
2014\03\25 18:57:30,10.1,7.6,N.C.,871.2,7.7,809.8,7.9,871.2,7.7,871.2,7.7,
2014\03\25 21:57:30,10,4.8,N.C.,865.7,5.2,809,5.5,865.7,5.2,865.7,5.2,
2014\03\26 00:57:30,10,4.9,N.C.,868.2,5.3,809,5.5,868.2,5.3,868.2,5.3,
2014\03\26 03:57:30,10,4.9,N.C.,865.5,5.5,808.8,5.7,865.5,5.5,865.5,5.5,
2014\03\26 06:57:30,10,5,N.C.,878.2,5.9,808.7,6.1,878.2,5.9,878.2,5.9,
2014\03\26 09:57:30,9.9,10.8,N.C.,873.1,11.9,811.9,12.2,873.1,11.9,873.1,11.9,
2014\03\26 12:57:30,10,12.7,N.C.,873.9,12.8,811.3,13,873.9,12.8,873.9,12.8,
2014\03\26 15:57:30,10.1,12.9,N.C.,871,13.4,810.6,13.6,871,13.4,871,13.4,
2014\03\26 18:57:30,10.1,7.3,N.C.,876.4,7.1,808.8,7.5,876.4,7.1,876.4,7.1,
2014\03\26 21:57:30,10,6.4,N.C.,871.6,6.9,808.9,7.2,871.6,6.9,871.6,6.9,
2014\03\27 00:57:30,10,6.4,N.C.,865.6,7.1,808.9,7.2,865.6,7.1,865.6,7.1,
2014\03\27 03:57:30,10,5.8,N.C.,876.5,6.4,808.8,6.6,876.5,6.4,876.5,6.4,
2014\03\27 06:57:30,10,5.9,N.C.,866.5,6.8,808.8,7,866.5,6.8,866.5,6.8,
2014\03\27 09:57:30,9.9,13.1,N.C.,888.7,17.2,808.7,17,888.7,17.2,888.7,17.2,
2014\03\27 12:57:30,10.1,17.7,N.C.,879.6,18.5,811.4,18.8,879.6,18.5,879.6,18.5,
2014\03\27 15:57:30,10.1,16.2,N.C.,878.6,15.7,811.1,16,878.6,15.7,878.6,15.7,
2014\03\27 18:57:30,10.1,11,N.C.,869.5,10.9,809.6,11.2,869.5,10.9,869.5,10.9,
2014\03\27 21:57:30,10.1,7,N.C.,867.9,7.5,809.2,7.7,867.9,7.5,867.9,7.5,
2014\03\28 00:57:30,10,3.9,N.C.,877.5,4.4,809.2,4.8,877.5,4.4,877.5,4.4,
2014\03\28 03:57:30,10,2.1,N.C.,868.8,2.7,809.1,3,868.8,2.7,868.8,2.7,
2014\03\28 06:57:30,10,3.5,N.C.,863.5,7.6,808.8,7.2,863.5,7.6,863.5,7.6,
2014\03\28 09:57:30,10,17.1,N.C.,875.6,19.2,814.2,19.2,875.6,19.2,875.6,19.2,
2014\03\28 12:57:30,10.1,20,N.C.,875.7,20.7,810.6,21,875.7,20.7,875.7,20.7,
2014\03\28 15:57:30,10.1,19.8,N.C.,891,20.4,811.5,20.7,891,20.4,891,20.4,
2014\03\28 18:57:30,10.1,13.1,N.C.,871.6,13,809.7,13.3,871.6,13,871.6,13,
2014\03\28 21:57:30,10.1,9,N.C.,873.9,10.1,807.3,10.3,873.9,10.1,873.9,10.1,
2014\03\29 00:57:30,10.1,8,N.C.,870,7.8,809.2,8.1,870,7.8,870,7.8,
2014\03\29 03:57:30,10.1,8,N.C.,881,8.2,809,8.5,881,8.2,881,8.2,
2014\03\29 06:57:30,10.1,9.8,N.C.,870.3,12.8,811.1,12.7,870.3,12.8,870.3,12.8,
2014\03\29 09:57:30,10,20.2,N.C.,881.9,27.5,814.3,26.5,881.9,27.5,881.9,27.5,
2014\03\29 12:57:30,10.1,21.4,N.C.,882.6,21.4,813.8,21.8,882.6,21.4,882.6,21.4,
2014\03\29 15:57:30,10.2,20.3,N.C.,882.4,20.7,810.9,20.9,882.4,20.7,882.4,20.7,
2014\03\29 18:57:30,10.2,15.4,N.C.,878.8,14.6,810.6,15.1,878.8,14.6,878.8,14.6,
2014\03\29 21:57:30,10.1,9.9,N.C.,873.7,11.1,807.4,11.2,873.7,11.1,873.7,11.1,
2014\03\30 00:57:30,10.1,9.3,N.C.,876.1,10.4,807.9,10.6,876.1,10.4,876.1,10.4,
2014\03\30 03:57:30,10.1,7,N.C.,870.2,6.9,809.4,7.3,870.2,6.9,870.2,6.9,
2014\03\30 06:57:30,10.1,7.1,N.C.,877.6,10.3,808.5,10.1,877.6,10.3,877.6,10.3,
2014\03\30 09:57:30,10,18.2,N.C.,891.5,21.8,815.5,21.9,891.5,21.8,891.5,21.8,
2014\03\30 12:57:30,10.1,22.6,N.C.,881,23,811,23.4,881,23,881,23,
2014\03\30 15:57:30,10.2,22.1,N.C.,881.3,22.3,811.3,22.7,881.3,22.3,881.3,22.3,
2014\03\30 18:57:30,10.2,14.2,N.C.,877.4,14,809.6,14.4,877.4,14,877.4,14,
2014\03\30 21:57:30,10.1,8.9,N.C.,871.6,9.2,809.1,9.5,871.6,9.2,871.6,9.2,
2014\03\31 00:57:30,10.1,8.1,N.C.,876.5,8.3,809,8.6,876.5,8.3,876.5,8.3,
2014\03\31 03:57:30,10.1,5.2,N.C.,867.6,5.9,809.2,6.1,867.6,5.9,867.6,5.9,
2014\03\31 06:57:30,10.1,7.3,N.C.,885.5,10.4,808.4,10.4,885.5,10.4,885.5,10.4,
2014\03\31 09:57:30,10,20.4,N.C.,881.1,24.9,815.5,24.9,881.1,24.9,881.1,24.9,
2014\03\31 12:57:30,10.1,22.3,N.C.,885.1,22,811.1,22.4,885.1,22,885.1,22,
2014\03\31 15:57:30,10.2,22.3,N.C.,887,22.5,810.1,22.8,887,22.5,887,22.5,
2014\03\31 18:57:30,10.2,15.1,N.C.,881.6,14.6,810,15,881.6,14.6,881.6,14.6,
2014\03\31 21:57:30,10.1,10.8,N.C.,889.4,11.2,809.4,11.4,889.4,11.2,889.4,11.2,
2014\04\01 00:57:30,10.1,8.9,N.C.,882.2,9.4,809,9.7,882.2,9.4,882.2,9.4,
2014\04\01 03:57:30,10.1,7.5,N.C.,872.7,8.1,809.1,8.3,872.7,8.1,872.7,8.1,
2014\04\01 06:57:30,10.1,9,N.C.,870.6,11.9,808.4,11.7,870.6,11.9,870.6,11.9,
2014\04\01 09:57:30,10,18.3,N.C.,884.4,21.1,813,21.1,884.4,21.1,884.4,21.1,
2014\04\01 12:57:30,10.1,21.1,N.C.,884.1,21.3,810.9,21.6,884.1,21.3,884.1,21.3,
2014\04\01 15:57:30,10.2,21.3,N.C.,881.9,21.2,810.7,21.4,881.9,21.2,881.9,21.2,
2014\04\01 18:57:30,10.2,14.9,N.C.,877.4,14.4,809.5,14.7,877.4,14.4,877.4,14.4,
2014\04\01 21:57:30,10.1,11.9,N.C.,875,12.1,809.2,12.3,875,12.1,875,12.1,
2014\04\02 00:57:30,10.1,9.4,N.C.,873.1,9.6,809.1,9.9,873.1,9.6,873.1,9.6,
2014\04\02 03:57:30,10.1,7,N.C.,872.7,7.7,808.6,8,872.7,7.7,872.7,7.7,
2014\04\02 06:57:30,10.1,8.5,N.C.,871.1,12,808.8,11.7,871.1,12,871.1,12,
2014\04\02 09:57:30,10,18.7,N.C.,882.1,21.2,811.6,21.1,882.1,21.2,882.1,21.2,
2014\04\02 12:57:30,10.1,21.6,N.C.,884.4,22.3,811,22.4,884.4,22.3,884.4,22.3,
2014\04\02 15:57:30,10.2,21.6,N.C.,886,21.6,810.3,21.8,886,21.6,886,21.6,
2014\04\02 18:57:30,10.2,15.2,N.C.,876,14.6,809.9,14.9,876,14.6,876,14.6,
2014\04\02 21:57:30,10.1,11.6,N.C.,882.1,12.1,809.1,12.3,882.1,12.1,882.1,12.1,
2014\04\03 00:57:30,10.1,10.8,N.C.,873.3,11.3,809.1,11.5,873.3,11.3,873.3,11.3,
2014\04\03 03:57:30,10.1,8.8,N.C.,892.9,8.9,809.3,9.2,892.9,8.9,892.9,8.9,
2014\04\03 06:57:30,10.1,8.8,N.C.,890.6,9.3,809.2,9.5,890.6,9.3,890.6,9.3,
2014\04\03 09:57:30,10,15,N.C.,902.9,15.5,809.7,15.7,902.9,15.5,902.9,15.5,
2014\04\03 12:57:30,10.1,17.5,N.C.,884.6,17.8,811.5,18.1,884.6,17.8,884.6,17.8,
2014\04\03 15:57:30,10.1,18.1,N.C.,885,17.9,811.2,18.2,885,17.9,885,17.9,
2014\04\03 18:57:30,10.1,13,N.C.,878,12.8,809.4,13.2,878,12.8,878,12.8,
2014\04\03 21:57:30,10.1,12.4,N.C.,875.5,12.8,809,13,875.5,12.8,875.5,12.8,
2014\04\04 00:57:30,10.1,9.7,N.C.,877.6,9.8,809.1,10.1,877.6,9.8,877.6,9.8,
2014\04\04 03:57:30,10.1,8.6,N.C.,871.3,8.9,809.1,9.2,871.3,8.9,871.3,8.9,
2014\04\04 06:57:30,10.1,9.5,N.C.,872.2,10.3,809,10.4,872.2,10.3,872.2,10.3,
2014\04\04 09:57:30,10.1,17.8,N.C.,884.6,18.8,813.8,19.1,884.6,18.8,884.6,18.8,
2014\04\04 10:08:39,9.8,18.1,N.C.,882.2,19,811.3,19,882.2,19,882.2,19,
2014\04\04 13:08:39,10.1,18,N.C.,879.5,17.8,811,18,879.5,17.8,879.5,17.8,
2014\04\04 16:08:39,10.1,18.1,N.C.,898.6,17.9,810.2,18.1,898.6,17.9,898.6,17.9,
2014\04\04 19:08:39,10.1,12.9,N.C.,882,12.9,809.1,13.1,882,12.9,882,12.9,
2014\04\04 22:08:39,10.1,11.3,N.C.,875.3,11.8,808.9,11.9,875.3,11.8,875.3,11.8,
2014\04\05 01:08:39,10.1,11,N.C.,873.8,11.4,809,11.6,873.8,11.4,873.8,11.4,
2014\04\05 04:08:39,10.1,8.5,N.C.,889.2,9,808.9,9.2,889.2,9,889.2,9,
2014\04\05 07:08:39,10.1,8.8,N.C.,899.4,10.2,808.9,10.4,899.4,10.2,899.4,10.2,
2014\04\05 10:08:39,10,21.1,N.C.,895.9,26.7,818.4,26.9,895.9,26.7,895.9,26.7,
2014\04\05 13:08:39,10.1,23.5,N.C.,889.2,24,812.6,24.5,889.2,24,889.2,24,
2014\04\05 16:08:39,10.2,19.5,N.C.,882.6,19.5,810.5,19.7,882.6,19.5,882.6,19.5,
2014\04\05 19:08:39,10.2,15.4,N.C.,876.9,15.1,809.9,15.4,876.9,15.1,876.9,15.1,
2014\04\05 22:08:39,10.1,10.8,N.C.,880.3,11.3,809.1,11.5,880.3,11.3,880.3,11.3,
2014\04\06 01:08:39,10.1,10.9,N.C.,881.5,11.2,809,11.4,881.5,11.2,881.5,11.2,
2014\04\06 04:08:39,10.1,8.6,N.C.,882,8.8,809,9.1,882,8.8,882,8.8,
2014\04\06 07:08:39,10.1,9.3,N.C.,881.7,10.7,809,10.8,881.7,10.7,881.7,10.7,
2014\04\06 10:08:39,10,23.5,N.C.,903.2,30.2,816.1,29.6,903.2,30.2,903.2,30.2,
2014\04\06 13:08:39,10.1,24.4,N.C.,887.6,24.8,811.3,25.1,887.6,24.8,887.6,24.8,
2014\04\06 16:08:39,10.2,23.3,N.C.,886.5,24,810,24.1,886.5,24,886.5,24,
2014\04\06 19:08:39,10.2,17.5,N.C.,885.5,17.2,809.9,17.5,885.5,17.2,885.5,17.2,
2014\04\06 22:08:39,10.2,11.8,N.C.,879.7,12.1,808.9,12.3,879.7,12.1,879.7,12.1,
2014\04\07 01:08:39,10.1,12.9,N.C.,876.5,12.9,808.8,13.1,876.5,12.9,876.5,12.9,
2014\04\07 04:08:39,10.1,12.5,N.C.,876.4,12.5,809.5,12.8,876.4,12.5,876.4,12.5,
2014\04\07 07:08:39,10.1,15.5,N.C.,901.2,21,811.1,20.3,901.2,21,901.2,21,
2014\04\07 10:08:39,10.1,26.2,N.C.,899.9,33.1,816.7,33,899.9,33.1,899.9,33.1,
2014\04\07 13:08:39,10.2,25.8,N.C.,897.1,25.8,813.4,26.3,897.1,25.8,897.1,25.8,
2014\04\07 16:08:39,10.2,25,N.C.,887.8,25.5,810.3,25.6,887.8,25.5,887.8,25.5,
2014\04\07 19:08:39,10.2,19.1,N.C.,892.7,18.8,809.6,19,892.7,18.8,892.7,18.8,
2014\04\07 22:08:39,10.2,14.1,N.C.,884.8,14.6,808.6,14.8,884.8,14.6,884.8,14.6,
2014\04\08 01:08:39,10.2,14.7,N.C.,882.3,14.4,809.3,14.7,882.3,14.4,882.3,14.4,
2014\04\08 04:08:39,10.1,11.4,N.C.,883.7,11.3,809.6,11.7,883.7,11.3,883.7,11.3,
2014\04\08 07:08:39,10.1,13.4,N.C.,879.4,18.9,809,18.2,879.4,18.9,879.4,18.9,
2014\04\08 10:08:39,10.1,23.7,N.C.,887.8,24.4,811.2,24.5,887.8,24.4,887.8,24.4,
2014\04\08 13:08:39,10.2,23.7,N.C.,892.4,23,811.2,23.3,892.4,23,892.4,23,
2014\04\08 16:08:39,10.2,22,N.C.,892,21.4,810.6,21.6,892,21.4,892,21.4,
2014\04\08 19:08:39,10.2,17.1,N.C.,888.4,16.4,809.5,16.7,888.4,16.4,888.4,16.4,
2014\04\08 22:08:39,10.2,12.8,N.C.,886.2,13.1,808.9,13.3,886.2,13.1,886.2,13.1,
2014\04\09 01:08:39,10.1,10.7,N.C.,887.4,10.8,809.2,11.1,887.4,10.8,887.4,10.8,
2014\04\09 04:08:39,10.1,7.3,N.C.,877.2,7.3,809.5,7.7,877.2,7.3,877.2,7.3,
2014\04\09 07:08:39,10.1,12.7,N.C.,882.9,18.3,812,17.9,882.9,18.3,882.9,18.3,
2014\04\09 10:08:39,10.1,24.2,N.C.,919.9,30,821.7,30.2,919.9,30,919.9,30,
2014\04\09 13:08:39,10.2,24.2,N.C.,900,23.6,812.5,24.3,900,23.6,900,23.6,
2014\04\09 16:08:39,10.2,22.8,N.C.,901.7,23.2,810.9,23.5,901.7,23.2,901.7,23.2,
2014\04\09 19:08:39,10.2,17.1,N.C.,889.5,16.3,810.6,16.7,889.5,16.3,889.5,16.3,
2014\04\09 22:08:39,10.2,11.9,N.C.,884.6,12.2,808.9,12.4,884.6,12.2,884.6,12.2,
2014\04\10 01:08:39,10.1,11.9,N.C.,883.4,12.1,809,12.4,883.4,12.1,883.4,12.1,
2014\04\10 04:08:39,10.1,9.1,N.C.,885.9,8.7,809.9,9.1,885.9,8.7,885.9,8.7,
2014\04\10 07:08:39,10.1,14.1,N.C.,886.3,22.3,811.2,21.1,886.3,22.3,886.3,22.3,
2014\04\10 10:08:39,10.1,24.4,N.C.,916.4,33,817.4,32.6,916.4,33,916.4,33,
2014\04\10 13:08:39,10.1,23.3,N.C.,891.7,23.7,811,23.9,891.7,23.7,891.7,23.7,
2014\04\10 16:08:39,10.2,23.2,N.C.,918,23.6,810.1,23.9,918,23.6,918,23.6,
2014\04\10 19:08:39,10.2,18.7,N.C.,894.2,18.3,809.4,18.6,894.2,18.3,894.2,18.3,
2014\04\10 22:08:39,10.2,15.1,N.C.,884.7,15.5,809.1,15.9,884.7,15.5,884.7,15.5,
2014\04\11 01:08:39,10.1,10.1,N.C.,888.9,10.1,809.6,10.4,888.9,10.1,888.9,10.1,
2014\04\11 04:08:39,10.1,7.6,N.C.,881.3,8.6,808.7,8.8,881.3,8.6,881.3,8.6,
2014\04\11 07:08:39,10.1,14.3,N.C.,884.9,20,813.8,19.2,884.9,20,884.9,20,
2014\04\11 10:08:39,10.1,21.1,N.C.,905.7,27,816.2,27.2,905.7,27,905.7,27,
2014\04\11 13:08:39,10.1,21.5,N.C.,895.8,21.7,812,22,895.8,21.7,895.8,21.7,
2014\04\11 16:08:39,10.2,21,N.C.,894,21.5,810,21.7,894,21.5,894,21.5,
2014\04\11 19:08:39,10.2,16.4,N.C.,893.7,15.9,809.8,16.2,893.7,15.9,893.7,15.9,
2014\04\11 22:08:39,10.1,12.2,N.C.,884.7,12.3,809.2,12.5,884.7,12.3,884.7,12.3,
2014\04\12 01:08:39,10.1,10.8,N.C.,881.5,11.3,809,11.5,881.5,11.3,881.5,11.3,
2014\04\12 04:08:39,10.1,12,N.C.,882,12.4,809.1,12.6,882,12.4,882,12.4,
2014\04\12 07:08:39,10.1,12.2,N.C.,883,13,808.9,13.1,883,13,883,13,
2014\04\12 10:08:39,10,19.1,N.C.,895.9,24.1,810.8,23.5,895.9,24.1,895.9,24.1,
2014\04\12 13:08:39,10.1,21.8,N.C.,893.8,22.6,812.4,22.7,893.8,22.6,893.8,22.6,
2014\04\12 16:08:39,10.2,21.3,N.C.,903.9,21.2,811.7,21.4,903.9,21.2,903.9,21.2,
2014\04\12 19:08:39,10.2,16.7,N.C.,894.8,16.3,810,16.5,894.8,16.3,894.8,16.3,
2014\04\12 22:08:39,10.2,15.5,N.C.,886.6,15.5,809.3,15.7,886.6,15.5,886.6,15.5,
2014\04\13 01:08:39,10.1,12.6,N.C.,882.8,12.8,809.2,13,882.8,12.8,882.8,12.8,
2014\04\13 04:08:39,10.1,12.7,N.C.,901.4,13,809.4,13.1,901.4,13,901.4,13,
2014\04\13 07:08:39,10.1,12.5,N.C.,890.1,12.9,809.4,13.1,890.1,12.9,890.1,12.9,
2014\04\13 10:08:39,10.1,17.3,N.C.,900.2,17.6,813.6,17.9,900.2,17.6,900.2,17.6,
2014\04\13 13:08:39,10.1,21.2,N.C.,898.8,22.5,810.8,22.7,898.8,22.5,898.8,22.5,
2014\04\13 16:08:39,10.1,21.1,N.C.,901.3,21.5,811.4,21.7,901.3,21.5,901.3,21.5,
2014\04\13 19:08:39,10.1,16.6,N.C.,887.1,16.3,810.2,16.7,887.1,16.3,887.1,16.3,
2014\04\13 22:08:39,10.1,11.9,N.C.,887.8,12.7,808.9,12.9,887.8,12.7,887.8,12.7,
2014\04\14 01:08:39,10,11.7,N.C.,889.6,11.9,808.9,12.2,889.6,11.9,889.6,11.9,
2014\04\14 04:08:39,10,10.4,N.C.,888.4,10.4,809.3,10.8,888.4,10.4,888.4,10.4,
2014\04\14 07:08:39,10,13.4,N.C.,890.9,16.7,812.1,16.5,890.9,16.7,890.9,16.7,
2014\04\14 09:57:41,9.9,23.5,N.C.,899.2,29.4,816.7,29,899.2,29.4,899.2,29.4,
2014\04\14 10:01:20,9.8,24,N.C.,902.2,29.7,816.3,29.2,902.2,29.7,902.2,29.7,
2014\04\14 13:01:20,10.1,24.1,N.C.,902.6,24.2,810.7,24.5,902.6,24.2,902.6,24.2,
2014\04\14 15:29:58,10.2,23.6,N.C.,902.9,24,810.3,24.3,902.9,24,902.9,24,
2014\04\14 18:29:58,10.1,19.7,N.C.,890.9,19,810.1,19.3,890.9,19,890.9,19,
2014\04\14 21:29:58,10.1,13.9,N.C.,885.9,14.1,809.3,14.4,885.9,14.1,885.9,14.1,
2014\04\15 00:29:58,10.1,10.9,N.C.,886.3,11,809.1,11.4,886.3,11,886.3,11,
2014\04\15 03:29:58,10.1,9.4,N.C.,887.9,10.1,808.8,10.3,887.9,10.1,887.9,10.1,
2014\04\15 06:29:58,10.1,12.1,N.C.,889.4,13.5,810,13.7,889.4,13.5,889.4,13.5,
2014\04\15 09:29:58,10,20.7,N.C.,900,30.3,815.4,29.3,900,30.3,900,30.3,
2014\04\15 12:29:58,10.1,20.6,N.C.,894.6,21.7,812.1,22.1,894.6,21.7,894.6,21.7,
2014\04\15 15:29:58,10.1,21.2,N.C.,901.2,21.5,811.4,21.8,901.2,21.5,901.2,21.5,
2014\04\15 18:29:58,10.1,15.7,N.C.,889.8,15.4,810.5,15.8,889.8,15.4,889.8,15.4,
2014\04\15 21:29:58,10.1,10.5,N.C.,886.2,10.8,808.9,11,886.2,10.8,886.2,10.8,
2014\04\16 00:29:58,10.1,7.6,N.C.,888.7,7.3,809.9,7.4,888.7,7.3,888.7,7.3,
2014\04\16 03:29:58,10,4.6,N.C.,889.2,5.4,809,5.7,889.2,5.4,889.2,5.4,
2014\04\16 06:29:58,10,7.4,N.C.,887.8,8.7,811.6,8.8,887.8,8.7,887.8,8.7,
2014\04\16 07:38:59,10,15.2,N.C.,900.9,22.3,820.5,21.2,900.9,22.3,900.9,22.3,
2014\04\16 10:38:59,10,23.7,N.C.,932.7,29.3,816.3,29.2,932.7,29.3,932.7,29.3,
2014\04\16 13:38:59,10.1,19.6,N.C.,900.3,20.2,810.6,20.5,900.3,20.2,900.3,20.2,
2014\04\16 16:38:59,10.1,18.7,N.C.,899.1,19.1,810.6,19.4,899.1,19.1,899.1,19.1,
2014\04\16 19:38:59,10.1,11.6,N.C.,892.8,11.5,810.1,11.9,892.8,11.5,892.8,11.5,
2014\04\16 22:38:59,10.1,8.3,N.C.,884.9,8.9,808.9,9.2,884.9,8.9,884.9,8.9,
2014\04\17 01:38:59,10,6.5,N.C.,887.2,6.6,809.5,7,887.2,6.6,887.2,6.6,
2014\04\17 04:38:59,10,1.9,N.C.,884.1,3.1,808.8,3.1,884.1,3.1,884.1,3.1,
2014\04\17 07:38:59,10,15.3,N.C.,902,21.1,821.1,20.3,902,21.1,902,21.1,
2014\04\17 10:38:59,10,23,N.C.,917.9,28.4,820.7,28.7,917.9,28.4,917.9,28.4,
2014\04\17 13:38:59,10.1,20.2,N.C.,896,20.1,812,20.6,896,20.1,896,20.1,
2014\04\17 16:38:59,10.1,19.6,N.C.,917.4,19.9,810.6,20.2,917.4,19.9,917.4,19.9,
2014\04\17 19:38:59,10.1,12,N.C.,896.3,11.8,810.3,12.2,896.3,11.8,896.3,11.8,
2014\04\17 22:38:59,10.1,8.6,N.C.,886.6,9.3,809.2,9.5,886.6,9.3,886.6,9.3,
2014\04\18 01:38:59,10.1,5.6,N.C.,893.7,5.8,809.7,6.2,893.7,5.8,893.7,5.8,
2014\04\18 04:38:59,10,5.7,N.C.,886.1,5.9,809.6,6.2,886.1,5.9,886.1,5.9,
2014\04\18 07:38:59,10,11.1,N.C.,892.5,12,812.6,12.2,892.5,12,892.5,12,
2014\04\18 10:38:59,10,18,N.C.,897.9,20,813.1,20.1,897.9,20,897.9,20,
2014\04\18 13:38:59,10.1,20,N.C.,910.3,19.6,812.8,19.8,910.3,19.6,910.3,19.6,
2014\04\18 16:38:59,10.1,19.7,N.C.,906.2,19.5,811.3,19.7,906.2,19.5,906.2,19.5,
2014\04\18 19:38:59,10.1,14,N.C.,890.9,14,810,14.2,890.9,14,890.9,14,
2014\04\18 22:38:59,10.1,9.8,N.C.,889.9,9.3,809.8,9.9,889.9,9.3,889.9,9.3,
2014\04\19 01:38:59,10.1,8.1,N.C.,885.9,8.3,810.4,8.5,885.9,8.3,885.9,8.3,
2014\04\19 04:38:59,10.1,6.7,N.C.,885.2,7.2,809.4,7.4,885.2,7.2,885.2,7.2,
2014\04\19 07:38:59,10,7.7,N.C.,884.7,8.5,809.2,8.7,884.7,8.5,884.7,8.5,
2014\04\19 10:38:59,9.9,13,N.C.,892.8,15,811.2,14.9,892.8,15,892.8,15,
2014\04\19 13:38:59,10,15.8,N.C.,890.8,16,810.2,16.3,890.8,16,890.8,16,
2014\04\19 16:38:59,10.1,15,N.C.,893.7,14.9,810.1,15.2,893.7,14.9,893.7,14.9,
2014\04\19 19:38:59,10.1,11.2,N.C.,888,11.4,809.4,11.7,888,11.4,888,11.4,
2014\04\19 22:38:59,10.1,9.9,N.C.,891.1,9.8,809.6,10.1,891.1,9.8,891.1,9.8,
2014\04\20 01:38:59,10,6.8,N.C.,885.1,7.2,809.3,7.5,885.1,7.2,885.1,7.2,
2014\04\20 04:38:59,10,6.4,N.C.,885.2,6.5,809.6,6.8,885.2,6.5,885.2,6.5,
2014\04\20 07:38:59,10,17.4,N.C.,895.7,23.5,817.4,22.2,895.7,23.5,895.7,23.5,
2014\04\20 10:38:59,10,23.6,N.C.,912.7,27.7,819.3,27.5,912.7,27.7,912.7,27.7,
2014\04\20 13:38:59,10.1,20.8,N.C.,899.7,21.5,811.2,21.7,899.7,21.5,899.7,21.5,
2014\04\20 16:38:59,10.1,20.5,N.C.,898.9,21.7,809.9,21.8,898.9,21.7,898.9,21.7,
2014\04\20 19:38:59,10.1,14.8,N.C.,899.5,14.7,809.5,14.9,899.5,14.7,899.5,14.7,
2014\04\20 22:38:59,10.1,12,N.C.,889.6,12.3,809.3,12.6,889.6,12.3,889.6,12.3,
2014\04\21 01:38:59,10.1,11.1,N.C.,887.1,11.3,809.3,11.5,887.1,11.3,887.1,11.3,
2014\04\21 04:38:59,10.1,10.2,N.C.,889.3,10.3,809.4,10.5,889.3,10.3,889.3,10.3,
2014\04\21 07:38:59,10.1,10.2,N.C.,888.7,10.6,809.2,10.8,888.7,10.6,888.7,10.6,
2014\04\21 10:38:59,9.9,11.6,N.C.,894.1,12,810.5,12.2,894.1,12,894.1,12,
2014\04\21 13:38:59,10,12,N.C.,891.7,12.5,810.7,12.8,891.7,12.5,891.7,12.5,
2014\04\21 16:38:59,10,13.5,N.C.,894.7,14.9,811.1,15,894.7,14.9,894.7,14.9,
2014\04\21 19:38:59,10,12,N.C.,893.5,12.3,809.5,12.6,893.5,12.3,893.5,12.3,
2014\04\21 22:38:59,10,10.1,N.C.,891,10.6,809.1,10.8,891,10.6,891,10.6,
2014\04\22 01:38:59,10,9.6,N.C.,891.9,10,809.4,10.2,891.9,10,891.9,10,
2014\04\22 04:38:59,10,9.2,N.C.,888.1,9.9,809.4,10,888.1,9.9,888.1,9.9,
2014\04\22 07:38:59,10,18.4,N.C.,911.8,19.6,817.6,19.9,911.8,19.6,911.8,19.6,
2014\04\22 10:38:59,10.1,23,N.C.,910.1,24.9,814.6,25,910.1,24.9,910.1,24.9,
2014\04\22 13:38:59,10.1,23.4,N.C.,902.9,24,811.9,24.4,902.9,24,902.9,24,
2014\04\22 16:38:59,10.2,22,N.C.,908.4,22.3,810.9,22.4,908.4,22.3,908.4,22.3,
2014\04\22 19:38:59,10.2,14.6,N.C.,897,14.2,810.1,14.6,897,14.2,897,14.2,
2014\04\22 22:38:59,10.1,11.6,N.C.,891.4,11.7,809.5,12,891.4,11.7,891.4,11.7,
2014\04\23 01:38:59,10.1,11.2,N.C.,889.7,11.4,809.1,11.7,889.7,11.4,889.7,11.4,
2014\04\23 04:38:59,10.1,10.3,N.C.,890,10.6,809.1,10.8,890,10.6,890,10.6,
2014\04\23 07:38:59,10.1,18,N.C.,901.2,19.7,817.1,19.6,901.2,19.7,901.2,19.7,
2014\04\23 10:38:59,10.1,28.7,N.C.,934.9,33.9,817.6,34.1,934.9,33.9,934.9,33.9,
2014\04\23 13:38:59,10.2,25,N.C.,905,25.6,811.4,25.8,905,25.6,905,25.6,
2014\04\23 16:38:59,10.2,24.6,N.C.,905.9,23.8,812.9,24.2,905.9,23.8,905.9,23.8,
2014\04\23 19:38:59,10.2,15.8,N.C.,894.8,15.7,809.5,15.8,894.8,15.7,894.8,15.7,
2014\04\23 22:38:59,10.2,12.3,N.C.,890.6,12.7,809,12.9,890.6,12.7,890.6,12.7,
2014\04\24 01:38:59,10.1,9.7,N.C.,915,9.9,809.1,10.2,915,9.9,915,9.9,
2014\04\24 04:38:59,10.1,8.4,N.C.,888.1,8.6,809.4,8.9,888.1,8.6,888.1,8.6,
2014\04\24 07:38:59,10.1,23.2,N.C.,912.6,30.2,818.7,29.2,912.6,30.2,912.6,30.2,
2014\04\24 10:38:59,10.1,29.7,N.C.,927.8,34.5,818.2,34.6,927.8,34.5,927.8,34.5,
2014\04\24 13:38:59,10.2,26.7,N.C.,905.1,26.9,811.2,27.3,905.1,26.9,905.1,26.9,
2014\04\24 16:38:59,10.2,25.3,N.C.,911.8,25.4,811.3,25.7,911.8,25.4,911.8,25.4,
2014\04\24 19:38:59,10.2,18.8,N.C.,900,18.3,810,18.6,900,18.3,900,18.3,
2014\04\24 22:38:59,10.2,15.5,N.C.,899.1,15.5,809.6,15.7,899.1,15.5,899.1,15.5,
2014\04\25 01:38:59,10.2,12.2,N.C.,911.8,12.3,809.7,12.6,911.8,12.3,911.8,12.3,
2014\04\25 04:38:59,10.1,11.8,N.C.,894.5,11.7,810,12,894.5,11.7,894.5,11.7,
2014\04\25 07:38:59,10.1,23.7,N.C.,913.5,30.4,816,28.9,913.5,30.4,913.5,30.4,
2014\04\25 10:38:59,10.1,28.3,N.C.,946,31.5,816.6,31.5,946,31.5,946,31.5,
2014\04\25 13:38:59,10.2,26.3,N.C.,923.5,26.3,812,26.5,923.5,26.3,923.5,26.3,
2014\04\25 16:38:59,10.2,25.5,N.C.,908.4,25.4,812,25.6,908.4,25.4,908.4,25.4,
2014\04\25 19:38:59,10.2,18.8,N.C.,900.3,18.5,810,18.8,900.3,18.5,900.3,18.5,
2014\04\25 22:38:59,10.2,13.9,N.C.,903.6,13.9,809.6,14.2,903.6,13.9,903.6,13.9,
2014\04\26 01:38:59,10.2,11.4,N.C.,903.9,11.6,809.6,11.9,903.9,11.6,903.9,11.6,
2014\04\26 04:38:59,10.1,11.1,N.C.,895.3,11.7,809,12,895.3,11.7,895.3,11.7,
2014\04\26 07:38:59,10.1,18.8,N.C.,917.7,22.9,810.6,22.3,917.7,22.9,917.7,22.9,
2014\04\26 10:38:59,10.1,26.7,N.C.,931.2,30.4,820.8,31,931.2,30.4,931.2,30.4,
2014\04\26 13:38:59,10.2,26.9,N.C.,906.6,27.5,810.2,27.7,906.6,27.5,906.6,27.5,
2014\04\26 16:38:59,10.2,25.7,N.C.,909.2,25.6,811.3,25.9,909.2,25.6,909.2,25.6,
2014\04\26 19:38:59,10.2,18.9,N.C.,901.2,18.2,810.3,18.4,901.2,18.2,901.2,18.2,
2014\04\26 22:38:59,10.2,16.8,N.C.,900.6,16.7,809.7,16.9,900.6,16.7,900.6,16.7,
2014\04\27 01:38:59,10.2,16.3,N.C.,899.9,16.2,809.9,16.5,899.9,16.2,899.9,16.2,
2014\04\27 04:38:59,10.2,14.8,N.C.,905.2,14.9,809.4,15.1,905.2,14.9,905.2,14.9,
2014\04\27 07:38:59,10.1,15.7,N.C.,900.1,16.2,810.1,16.4,900.1,16.2,900.1,16.2,
2014\04\27 10:38:59,10.1,20.5,N.C.,916.6,22.3,811.6,22.4,916.6,22.3,916.6,22.3,
2014\04\27 13:38:59,10.1,13.8,N.C.,897.9,13.4,809.8,13.5,897.9,13.4,897.9,13.4,
2014\04\27 16:38:59,10.1,12.8,N.C.,897.5,13.1,809.5,13.3,897.5,13.1,897.5,13.1,
2014\04\27 19:38:59,10.1,12.2,N.C.,912.9,12.5,809.3,12.7,912.9,12.5,912.9,12.5,
2014\04\27 22:38:59,10.1,11.5,N.C.,897.4,11.8,809.3,12,897.4,11.8,897.4,11.8,
2014\04\28 01:38:59,10.1,11.4,N.C.,917.1,11.7,809.3,11.9,917.1,11.7,917.1,11.7,
2014\04\28 04:38:59,10.1,11.4,N.C.,896.6,11.7,809.3,11.9,896.6,11.7,896.6,11.7,
2014\04\28 07:38:59,10.1,11.3,N.C.,896.3,11.6,809.5,11.7,896.3,11.6,896.3,11.6,
2014\04\28 10:38:59,9.9,11.7,N.C.,906.3,12.5,809.4,12.6,906.3,12.5,906.3,12.5,
2014\04\28 13:38:59,10,12.2,N.C.,907.4,12.7,810.1,12.8,907.4,12.7,907.4,12.7,
2014\04\28 16:38:59,10,12.4,N.C.,897.2,12.8,810.3,12.9,897.2,12.8,897.2,12.8,
2014\04\28 19:38:59,10,10.9,N.C.,898.5,11.3,809.5,11.4,898.5,11.3,898.5,11.3,
2014\04\28 22:38:59,10,10.8,N.C.,895.6,11.2,809.3,11.4,895.6,11.2,895.6,11.2,
2014\04\29 01:38:59,10,10.6,N.C.,899.9,10.9,809.4,11,899.9,10.9,899.9,10.9,
2014\04\29 04:38:59,10,8.3,N.C.,895.3,8.5,809.3,8.8,895.3,8.5,895.3,8.5,
2014\04\29 07:38:59,10,15.8,N.C.,902.2,22.3,814.3,21.4,902.2,22.3,902.2,22.3,
2014\04\29 10:38:59,10,26,N.C.,944.5,30.5,817.2,30.9,944.5,30.5,944.5,30.5,
2014\04\29 13:38:59,10.1,23,N.C.,911.7,23.5,811,23.9,911.7,23.5,911.7,23.5,
2014\04\29 16:38:59,10.1,22.3,N.C.,912.1,22.7,810.6,22.9,912.1,22.7,912.1,22.7,
2014\04\29 19:38:59,10.2,16.7,N.C.,909.7,16.4,810,16.7,909.7,16.4,909.7,16.4,
2014\04\29 22:38:59,10.1,14.4,N.C.,904.2,14.6,809.4,14.8,904.2,14.6,904.2,14.6,
2014\04\30 01:38:59,10.1,13.2,N.C.,899.9,13.5,809.5,13.7,899.9,13.5,899.9,13.5,
2014\04\30 04:38:59,10.1,11.8,N.C.,901.3,12.1,809.4,12.4,901.3,12.1,901.3,12.1,
2014\04\30 07:38:59,10.1,13.5,N.C.,901.5,14.2,810.3,14.4,901.5,14.2,901.5,14.2,
2014\04\30 10:38:59,10,12.8,N.C.,904.8,13.9,809.2,14.1,904.8,13.9,904.8,13.9,
2014\04\30 13:38:59,10,17.7,N.C.,912.7,18,811.9,18.4,912.7,18,912.7,18,
2014\04\30 16:38:59,10.1,15.7,N.C.,901.7,15.3,811.7,15.6,901.7,15.3,901.7,15.3,
2014\04\30 19:38:59,10.1,11.8,N.C.,905.4,12.1,809.8,12.4,905.4,12.1,905.4,12.1,
2014\04\30 22:38:59,10.1,9.5,N.C.,901.2,9.7,809.5,10,901.2,9.7,901.2,9.7,
2014\05\01 01:38:59,10,7.6,N.C.,898.8,8.1,809.2,8.2,898.8,8.1,898.8,8.1,
2014\05\01 04:38:59,10,6.3,N.C.,895.1,6.6,809.5,6.9,895.1,6.6,895.1,6.6,
2014\05\01 07:38:59,10.1,22.2,N.C.,917.3,27.3,820.6,25.9,917.3,27.3,917.3,27.3,
2014\05\01 10:38:59,10.1,27.9,N.C.,926.9,33.6,818.7,33.6,926.9,33.6,926.9,33.6,
2014\05\01 13:38:59,10.1,24.4,N.C.,908.2,24.1,813.6,24.6,908.2,24.1,908.2,24.1,
2014\05\01 16:38:59,10.2,20.1,N.C.,903.8,20.5,810.8,20.7,903.8,20.5,903.8,20.5,
2014\05\01 19:38:59,10.2,15.6,N.C.,903.3,15.2,810.3,15.4,903.3,15.2,903.3,15.2,
2014\05\01 22:38:59,10.1,11.9,N.C.,900,12.2,809.5,12.4,900,12.2,900,12.2,
2014\05\02 01:38:59,10.1,12,N.C.,906,12.8,809.3,12.9,906,12.8,906,12.8,
2014\05\02 04:38:59,10.1,11.2,N.C.,906.2,11.4,809.4,11.6,906.2,11.4,906.2,11.4,
2014\05\02 07:38:59,10.1,11,N.C.,901.8,11.6,809.4,11.8,901.8,11.6,901.8,11.6,
2014\05\02 10:38:59,10,12.4,N.C.,920.5,12.8,810.8,13.1,920.5,12.8,920.5,12.8,
2014\05\02 13:38:59,10,14.6,N.C.,902.2,16.3,810.8,16.7,902.2,16.3,902.2,16.3,
2014\05\02 16:38:59,10.1,16.9,N.C.,907.1,17.5,810.9,17.7,907.1,17.5,907.1,17.5,
2014\05\02 19:38:59,10.1,13.1,N.C.,900.5,13.1,810,13.5,900.5,13.1,900.5,13.1,
2014\05\02 22:38:59,10.1,11,N.C.,905.6,11.5,809.2,11.6,905.6,11.5,905.6,11.5,
2014\05\03 01:38:59,10,9.7,N.C.,905.1,9.6,809.6,9.9,905.1,9.6,905.1,9.6,
2014\05\03 04:38:59,10,8.2,N.C.,915.1,8.6,809.4,8.8,915.1,8.6,915.1,8.6,
2014\05\03 07:38:59,10.1,20.4,N.C.,917.3,23.5,817.4,23.3,917.3,23.5,917.3,23.5,
2014\05\03 10:38:59,10.1,27.2,N.C.,944.9,32.1,818.8,32.7,944.9,32.1,944.9,32.1,
2014\05\03 13:38:59,10.1,23.7,N.C.,936.6,23.6,812.5,24,936.6,23.6,936.6,23.6,
2014\05\03 16:38:59,10.2,23.1,N.C.,917.2,23.9,811.4,24.1,917.2,23.9,917.2,23.9,
2014\05\03 19:38:59,10.2,15.7,N.C.,903.2,15.4,810.1,15.7,903.2,15.4,903.2,15.4,
2014\05\03 22:38:59,10.1,11.5,N.C.,918.3,11.6,809.6,11.9,918.3,11.6,918.3,11.6,
2014\05\04 01:38:59,10.1,9.7,N.C.,903.8,10.6,808.9,10.8,903.8,10.6,903.8,10.6,
2014\05\04 04:38:59,10.1,8.2,N.C.,905,8.5,809.6,8.8,905,8.5,905,8.5,
2014\05\04 07:38:59,10.1,22.5,N.C.,927.9,26.5,823.5,25.8,927.9,26.5,927.9,26.5,
2014\05\04 10:38:59,10.1,28.1,N.C.,940.6,33.8,820.5,34.5,940.6,33.8,940.6,33.8,
2014\05\04 13:38:59,10.2,24.2,N.C.,914.7,24.4,810.9,24.8,914.7,24.4,914.7,24.4,
2014\05\04 16:38:59,10.2,22.8,N.C.,914.6,23.1,810.8,23.4,914.6,23.1,914.6,23.1,
2014\05\04 19:38:59,10.2,16.4,N.C.,910.7,16.1,810.7,16.6,910.7,16.1,910.7,16.1,
2014\05\04 22:38:59,10.1,12.2,N.C.,900.6,13.1,808.6,13.3,900.6,13.1,900.6,13.1,
2014\05\05 01:38:59,10.1,12.1,N.C.,903,12.3,809.4,12.5,903,12.3,903,12.3,
2014\05\05 04:38:59,10.1,11,N.C.,901.8,11.1,809.5,11.4,901.8,11.1,901.8,11.1,
2014\05\05 07:38:59,10.1,22.8,N.C.,928.5,25.3,824.3,24.9,928.5,25.3,928.5,25.3,
2014\05\05 10:38:59,10.1,25.4,N.C.,940.8,29.4,820.1,30.8,940.8,29.4,940.8,29.4,
2014\05\05 13:38:59,10.1,23.6,N.C.,918.5,24.2,811.3,24.6,918.5,24.2,918.5,24.2,
2014\05\05 16:38:59,10.2,22.6,N.C.,913.6,22.8,811.4,23,913.6,22.8,913.6,22.8,
2014\05\05 19:38:59,10.2,17.3,N.C.,912.2,16.8,810.5,17.1,912.2,16.8,912.2,16.8,
2014\05\05 22:38:59,10.1,13.5,N.C.,909.5,13.7,809.6,13.9,909.5,13.7,909.5,13.7,
2014\05\06 01:38:59,10.1,11.5,N.C.,907,11.7,809.4,12,907,11.7,907,11.7,
2014\05\06 04:38:59,10.1,9.7,N.C.,909.7,9.9,809.7,10.3,909.7,9.9,909.7,9.9,
2014\05\06 07:38:59,10.1,22.8,N.C.,922.8,27.3,819,26.8,922.8,27.3,922.8,27.3,
2014\05\06 10:38:59,10.1,26.8,N.C.,928.9,32.7,815,32.8,928.9,32.7,928.9,32.7,
2014\05\06 13:38:59,10.2,25.9,N.C.,919.2,25.7,812.6,25.8,919.2,25.7,919.2,25.7,
2014\05\06 16:38:59,10.2,24.8,N.C.,924.2,24.4,811.5,24.7,924.2,24.4,924.2,24.4,
2014\05\06 19:38:59,10.2,17.5,N.C.,914.8,17.4,810.3,17.7,914.8,17.4,914.8,17.4,
2014\05\06 22:38:59,10.2,15.5,N.C.,913.9,15.7,809.7,15.9,913.9,15.7,913.9,15.7,
2014\05\07 01:38:59,10.1,13.5,N.C.,905.7,13.6,809.8,13.9,905.7,13.6,905.7,13.6,
2014\05\07 04:38:59,10.1,12.9,N.C.,906.7,13.4,809.8,13.6,906.7,13.4,906.7,13.4,
2014\05\07 07:38:59,10.1,16,N.C.,909.1,16.6,810,16.7,909.1,16.6,909.1,16.6,
2014\05\07 10:38:59,10.1,18.2,N.C.,912,18.1,810.8,18.3,912,18.1,912,18.1,
2014\05\07 13:38:59,10.1,19.2,N.C.,932.9,18.9,811.4,19.1,932.9,18.9,932.9,18.9,
2014\05\07 16:38:59,10.1,19.9,N.C.,922.1,19.9,811.7,20.2,922.1,19.9,922.1,19.9,
2014\05\07 19:38:59,10.1,12.8,N.C.,906.8,12.9,809.9,13.2,906.8,12.9,906.8,12.9,
2014\05\07 22:38:59,10.1,11.3,N.C.,907.7,11.6,809.7,11.8,907.7,11.6,907.7,11.6,
2014\05\08 01:38:59,10.1,9,N.C.,905.9,9.3,809.7,9.5,905.9,9.3,905.9,9.3,
2014\05\08 04:38:59,10.1,9.1,N.C.,901.8,9.6,809.9,9.7,901.8,9.6,901.8,9.6,
2014\05\08 07:38:59,10.1,19.6,N.C.,925.1,21.5,821.9,21.7,925.1,21.5,925.1,21.5,
2014\05\08 10:38:59,10,23.2,N.C.,939.2,24.9,815.4,25,939.2,24.9,939.2,24.9,
2014\05\08 13:38:59,10.1,23,N.C.,916.1,23.9,811.3,24,916.1,23.9,916.1,23.9,
2014\05\08 16:38:59,10.1,22.9,N.C.,916,22.9,811.6,23.2,916,22.9,916,22.9,
2014\05\08 19:38:59,10.2,17.2,N.C.,912.3,16.6,810.9,17,912.3,16.6,912.3,16.6,
2014\05\08 22:38:59,10.1,12.4,N.C.,906,12.7,809.6,13,906,12.7,906,12.7,
2014\05\09 01:38:59,10.1,12.7,N.C.,905.6,13,809.6,13.2,905.6,13,905.6,13,
2014\05\09 04:38:59,10.1,12.4,N.C.,913.4,12.7,809.3,13,913.4,12.7,913.4,12.7,
2014\05\09 07:38:59,10.1,26.3,N.C.,940.4,29.2,821.5,28.5,940.4,29.2,940.4,29.2,
2014\05\09 10:38:59,10.1,29.7,N.C.,940.9,32.5,817.8,32.6,940.9,32.5,940.9,32.5,
2014\05\09 13:38:59,10.2,28.4,N.C.,926.3,28.2,813.2,28.6,926.3,28.2,926.3,28.2,
2014\05\09 16:38:59,10.2,26.2,N.C.,936.8,26.2,811.5,26.6,936.8,26.2,936.8,26.2,
2014\05\09 19:38:59,10.2,19.9,N.C.,923.8,19.5,810.7,19.9,923.8,19.5,923.8,19.5,
2014\05\09 22:38:59,10.2,14.4,N.C.,917.3,14.3,810,14.7,917.3,14.3,917.3,14.3,
2014\05\10 01:38:59,10.2,12.4,N.C.,917,12.7,810,12.9,917,12.7,917,12.7,
2014\05\10 04:38:59,10.1,10.6,N.C.,908.7,10.8,810,11.1,908.7,10.8,908.7,10.8,
2014\05\10 07:38:59,10.1,22.7,N.C.,929.3,25.2,819.4,24.9,929.3,25.2,929.3,25.2,
2014\05\10 10:38:59,10.2,27.2,N.C.,952.2,29,816.1,29.4,952.2,29,952.2,29,
2014\05\10 13:38:59,10.2,28.3,N.C.,938.1,27.9,814.6,28.3,938.1,27.9,938.1,27.9,
2014\05\10 16:38:59,10.2,27.3,N.C.,922.9,27.8,811.2,28,922.9,27.8,922.9,27.8,
2014\05\10 19:38:59,10.2,21,N.C.,925.4,20.4,810.3,20.8,925.4,20.4,925.4,20.4,
2014\05\10 22:38:59,10.2,16,N.C.,922.1,16.2,809.6,16.5,922.1,16.2,922.1,16.2,
2014\05\11 01:38:59,10.2,13.8,N.C.,912.1,13.9,810,14.2,912.1,13.9,912.1,13.9,
2014\05\11 04:38:59,10.2,12.6,N.C.,917.1,12.9,809.6,13.2,917.1,12.9,917.1,12.9,
2014\05\11 07:38:59,10.2,20.2,N.C.,925.8,19.6,812,19.8,925.8,19.6,925.8,19.6,
2014\05\11 10:38:59,10.1,26.3,N.C.,941.2,26.3,814.9,26.5,941.2,26.3,941.2,26.3,
2014\05\11 13:38:59,10.2,25.4,N.C.,919.1,25.5,811.5,25.8,919.1,25.5,919.1,25.5,
2014\05\11 16:38:59,10.2,23.9,N.C.,919.2,24,810.6,24.3,919.2,24,919.2,24,
2014\05\11 19:38:59,10.2,15.6,N.C.,940.2,15.3,809.9,15.7,940.2,15.3,940.2,15.3,
2014\05\11 22:38:59,10.1,11.4,N.C.,916.1,11.3,810.6,11.8,916.1,11.3,916.1,11.3,
2014\05\12 01:38:59,10.2,9.6,N.C.,908.6,10.1,810,10.4,908.6,10.1,908.6,10.1,
2014\05\12 04:38:59,10.1,7.9,N.C.,905.5,8.9,808.9,9.1,905.5,8.9,905.5,8.9,
2014\05\12 07:38:59,10.1,17.4,N.C.,927.6,18.6,815.6,18.6,927.6,18.6,927.6,18.6,
2014\05\12 10:38:59,10,21.6,N.C.,935,24.5,815.4,24.8,935,24.5,935,24.5,
2014\05\12 13:38:59,10.1,23,N.C.,939.1,23.6,813.5,23.9,939.1,23.6,939.1,23.6,
2014\05\12 16:38:59,10.1,23.6,N.C.,927.9,23.5,812.4,23.8,927.9,23.5,927.9,23.5,
2014\05\12 19:38:59,10.2,18.1,N.C.,932.5,17.8,810.2,18.2,932.5,17.8,932.5,17.8,
2014\05\12 22:38:59,10.1,15.2,N.C.,914.4,15.2,809.8,15.4,914.4,15.2,914.4,15.2,
2014\05\13 01:38:59,10.1,11.9,N.C.,915.1,12.1,810.1,12.4,915.1,12.1,915.1,12.1,
2014\05\13 04:38:59,10.1,9,N.C.,916.8,9.5,809.5,9.8,916.8,9.5,916.8,9.5,
2014\05\13 07:38:59,10.1,21.7,N.C.,932.9,23.2,821.3,23.1,932.9,23.2,932.9,23.2,
2014\05\13 10:38:59,10.1,25.1,N.C.,939.1,27.5,821.5,28.1,939.1,27.5,939.1,27.5,
2014\05\13 13:38:59,10.1,24.8,N.C.,922,26.1,812.4,26.3,922,26.1,922,26.1,
2014\05\13 16:38:59,10.1,13.9,N.C.,917,14.9,809.5,15.2,917,14.9,917,14.9,
2014\05\13 19:38:59,10.1,13.4,N.C.,923.7,13,810.7,13.3,923.7,13,923.7,13,
2014\05\13 22:38:59,10.1,8.6,N.C.,913.2,8.5,810,9,913.2,8.5,913.2,8.5,
2014\05\14 01:38:59,10.1,6.3,N.C.,909.3,7,809.1,7.2,909.3,7,909.3,7,
2014\05\14 04:38:59,10,6,N.C.,936.5,7.4,808.9,7.6,936.5,7.4,936.5,7.4,
2014\05\14 07:38:59,10.1,19.4,N.C.,937.1,26.7,812.3,25.2,937.1,26.7,937.1,26.7,
2014\05\14 10:38:59,10,27,N.C.,944.1,31.9,814.1,32.2,944.1,31.9,944.1,31.9,
2014\05\14 13:38:59,10.1,23.9,N.C.,929.9,24.1,811.3,24.5,929.9,24.1,929.9,24.1,
2014\05\14 16:38:59,10.1,21.3,N.C.,920.3,21.3,810.9,21.6,920.3,21.3,920.3,21.3,
2014\05\14 19:38:59,10.1,16.7,N.C.,917.9,16.1,810.8,16.5,917.9,16.1,917.9,16.1,
2014\05\14 22:38:59,10.1,12.4,N.C.,915.8,12.2,810,12.6,915.8,12.2,915.8,12.2,
2014\05\15 01:38:59,10.1,8.7,N.C.,912.8,9.2,809.5,9.4,912.8,9.2,912.8,9.2,
2014\05\15 04:38:59,10.1,5.5,N.C.,917.1,6.4,809.3,6.6,917.1,6.4,917.1,6.4,
2014\05\15 07:38:59,10.1,24.8,N.C.,949.6,27.2,826.4,26.5,949.6,27.2,949.6,27.2,
2014\05\15 10:38:59,10.1,30.1,N.C.,940.6,35.2,815.5,35,940.6,35.2,940.6,35.2,
2014\05\15 13:38:59,10.2,24.7,N.C.,927.9,24.7,811.7,25,927.9,24.7,927.9,24.7,
2014\05\15 16:38:59,10.2,22.2,N.C.,922.8,22.3,811.2,22.5,922.8,22.3,922.8,22.3,
2014\05\15 19:38:59,10.2,17.5,N.C.,923.6,16.8,810.8,17.2,923.6,16.8,923.6,16.8,
2014\05\15 22:38:59,10.1,13.6,N.C.,933.4,13.6,809.5,13.9,933.4,13.6,933.4,13.6,
2014\05\16 01:38:59,10.1,9.3,N.C.,922.6,9.8,809.9,10.1,922.6,9.8,922.6,9.8,
2014\05\16 04:38:59,10.1,6.9,N.C.,910.5,7.4,810.3,7.7,910.5,7.4,910.5,7.4,
2014\05\16 07:38:59,10.1,26.3,N.C.,937.2,31.2,816.4,30,937.2,31.2,937.2,31.2,
2014\05\16 10:38:59,10.1,25.3,N.C.,935.5,24.2,814.8,24.6,935.5,24.2,935.5,24.2,
2014\05\16 13:38:59,10.2,27.7,N.C.,930.6,28,812.8,28.4,930.6,28,930.6,28,
2014\05\16 16:38:59,10.2,24.7,N.C.,937.5,23.7,811.9,24.2,937.5,23.7,937.5,23.7,
2014\05\16 19:38:59,10.2,18.3,N.C.,921.2,17.7,810.5,18,921.2,17.7,921.2,17.7,
2014\05\16 22:38:59,10.2,14,N.C.,925.3,13.6,810.9,14,925.3,13.6,925.3,13.6,
2014\05\17 01:38:59,10.1,9.4,N.C.,935.5,9.6,810.2,9.9,935.5,9.6,935.5,9.6,
2014\05\17 04:39:00,10.1,8.6,N.C.,929.9,9.2,809.6,9.4,929.9,9.2,929.9,9.2,
2014\05\17 07:39:00,10.1,25.6,N.C.,950.3,30.8,818.8,29.4,950.3,30.8,950.3,30.8,
2014\05\17 10:39:00,10.1,28.5,N.C.,934.9,31.8,817.2,32,934.9,31.8,934.9,31.8,
2014\05\17 13:39:00,10.2,25.3,N.C.,959,25.5,811.5,25.8,959,25.5,959,25.5,
2014\05\17 16:39:00,10.2,26,N.C.,932.2,25.8,814.1,26.1,932.2,25.8,932.2,25.8,
2014\05\17 19:39:00,10.2,20.4,N.C.,924.9,19.8,811.1,20.3,924.9,19.8,924.9,19.8,
2014\05\17 22:39:00,10.2,13.5,N.C.,923.3,13.7,810.2,14,923.3,13.7,923.3,13.7,
2014\05\18 01:39:00,10.1,10.9,N.C.,921.5,11.3,810.2,11.7,921.5,11.3,921.5,11.3,
2014\05\18 04:39:00,10.1,9.3,N.C.,920.6,9.6,810.3,9.9,920.6,9.6,920.6,9.6,
2014\05\18 07:39:00,10.1,28.2,N.C.,937,34.3,822.2,32.1,937,34.3,937,34.3,
2014\05\18 10:39:00,10.1,29.5,N.C.,944.8,33.3,818,33.4,944.8,33.3,944.8,33.3,
2014\05\18 13:39:00,10.2,26.7,N.C.,932.1,26.7,812.3,27.1,932.1,26.7,932.1,26.7,
2014\05\18 16:39:00,10.2,24.8,N.C.,934.8,25.4,810.8,25.5,934.8,25.4,934.8,25.4,
2014\05\18 19:39:00,10.2,19.5,N.C.,929.2,18.9,810.9,19.3,929.2,18.9,929.2,18.9,
2014\05\18 22:39:00,10.2,14.2,N.C.,924.9,14.7,809.7,14.9,924.9,14.7,924.9,14.7,
2014\05\19 01:39:00,10.1,14.2,N.C.,935.2,14.5,810.1,14.7,935.2,14.5,935.2,14.5,
2014\05\19 04:39:00,10.1,9.6,N.C.,923.2,10.2,809.9,10.4,923.2,10.2,923.2,10.2,
2014\05\19 07:39:00,10.1,25.7,N.C.,943,30.4,820.1,29.3,943,30.4,943,30.4,
2014\05\19 10:39:00,10.1,24.6,N.C.,941,26,816.9,26,941,26,941,26,
2014\05\19 13:39:00,10.1,25.2,N.C.,960.6,25.8,812,25.9,960.6,25.8,960.6,25.8,
2014\05\19 16:39:00,10.2,25.2,N.C.,931.2,24.5,812.2,24.8,931.2,24.5,931.2,24.5,
2014\05\19 19:39:00,10.2,18.2,N.C.,924.7,17.9,810.7,18.1,924.7,17.9,924.7,17.9,
2014\05\19 22:39:00,10.1,15.3,N.C.,923.7,14.9,810.8,15.3,923.7,14.9,923.7,14.9,
2014\05\20 01:39:00,10.1,12.9,N.C.,929.9,13.5,809.9,13.7,929.9,13.5,929.9,13.5,
2014\05\20 04:39:00,10.1,13.5,N.C.,933.2,14,810,14.2,933.2,14,933.2,14,
2014\05\20 07:39:00,10.1,17.3,N.C.,932.7,18.3,810.5,18.4,932.7,18.3,932.7,18.3,
2014\05\20 09:35:40,10.1,25.9,N.C.,936.6,27.4,814.1,27.2,936.6,27.4,936.6,27.4,
2014\05\20 12:35:41,10.1,27.8,N.C.,945.3,26.9,813.8,27.1,945.3,26.9,945.3,26.9,
2014\05\20 15:35:41,10.2,25.9,N.C.,944.3,25.8,811.7,26.1,944.3,25.8,944.3,25.8,
2014\05\20 18:35:41,10.2,22.7,N.C.,931.7,22.4,811.2,22.7,931.7,22.4,931.7,22.4,
2014\05\20 21:35:41,10.2,16,N.C.,936.1,16,810.6,16.3,936.1,16,936.1,16,
2014\05\21 00:35:41,10.1,13.9,N.C.,924.1,14.1,810.5,14.4,924.1,14.1,924.1,14.1,
2014\05\21 03:35:41,10.1,12.5,N.C.,937.8,12.8,810.3,13,937.8,12.8,937.8,12.8,
2014\05\21 06:35:41,10.1,24.7,N.C.,943.8,26.5,819.9,26.8,943.8,26.5,943.8,26.5,
2014\05\21 09:35:41,10.2,28.7,N.C.,986.8,36.6,817.2,35.7,986.8,36.6,986.8,36.6,
2014\05\21 12:35:41,10.2,29.9,N.C.,941.6,29.4,814.7,29.7,941.6,29.4,941.6,29.4,
2014\05\21 15:35:41,10.2,28.5,N.C.,951.5,28.4,812.4,28.7,951.5,28.4,951.5,28.4,
2014\05\21 18:35:41,10.2,25,N.C.,960.5,24.5,811.2,24.8,960.5,24.5,960.5,24.5,
2014\05\21 21:35:41,10.2,20.8,N.C.,930.9,20.8,810.6,20.9,930.9,20.8,930.9,20.8,
2014\05\22 00:35:41,10.2,19.1,N.C.,936.7,19,810,19.2,936.7,19,936.7,19,
2014\05\22 03:35:41,10.2,17.1,N.C.,947.9,16.9,810.7,17.1,947.9,16.9,947.9,16.9,
2014\05\22 06:35:41,10.2,19.1,N.C.,939.2,20.3,810.5,20.3,939.2,20.3,939.2,20.3,
2014\05\22 09:35:41,10.1,30.5,N.C.,962.3,36.7,815.3,36,962.3,36.7,962.3,36.7,
2014\05\22 12:35:41,10.2,30.1,N.C.,943.7,30.1,813.7,30.7,943.7,30.1,943.7,30.1,
2014\05\22 15:35:41,10.2,23.9,N.C.,952.6,21.5,813.4,21.8,952.6,21.5,952.6,21.5,
2014\05\22 18:35:41,10.2,18,N.C.,933,18.1,810.3,18.2,933,18.1,933,18.1,
2014\05\22 21:35:41,10.2,17.7,N.C.,935.2,18,809.9,18.2,935.2,18,935.2,18,
2014\05\23 00:35:41,10.2,17.9,N.C.,929.3,18.1,810.2,18.3,929.3,18.1,929.3,18.1,
2014\05\23 03:35:41,10.2,17.5,N.C.,928.9,17.5,810.4,17.7,928.9,17.5,928.9,17.5,
2014\05\23 06:35:41,10.1,17.5,N.C.,933.1,18,810.2,18.2,933.1,18,933.1,18,
2014\05\26 07:30:56,10.2,21.6,N.C.,956.7,22.6,812.6,22.7,956.7,22.6,956.7,22.6,
2014\05\26 07:37:58,10.2,22.2,N.C.,941.6,22.6,812.3,22.7,941.6,22.6,941.6,22.6,
2014\05\26 10:37:59,10,27.5,N.C.,949.1,27.1,815.4,27.5,949.1,27.1,949.1,27.1,
2014\05\26 13:38:00,10.1,22.7,N.C.,939.6,23,811.2,23.2,939.6,23,939.6,23,
2014\05\26 16:38:01,10.1,25.4,N.C.,943.1,25.7,811.9,25.9,943.1,25.7,943.1,25.7,
2014\05\26 19:38:02,10.1,19.9,N.C.,934.2,19.5,811.1,19.8,934.2,19.5,934.2,19.5,
2014\05\26 22:38:03,10.1,16.6,N.C.,932.3,16.5,810.5,16.7,932.3,16.5,932.3,16.5,
2014\05\27 01:38:04,10.1,15.1,N.C.,952,15,810.6,15.3,952,15,952,15,
2014\05\27 04:38:05,10.1,12.9,N.C.,929.2,13.6,810.1,13.8,929.2,13.6,929.2,13.6,
2014\05\27 07:41:25,10.1,23.7,N.C.,945.1,24.3,816.8,24.3,945.1,24.3,945.1,24.3,
2014\05\27 10:41:26,10.1,27,N.C.,955.8,30.7,814.4,30.8,955.8,30.7,955.8,30.7,
2014\05\27 13:41:27,10.1,24.9,N.C.,940,24.4,811.6,24.5,940,24.4,940,24.4,
2014\05\27 16:41:28,10.1,22.6,N.C.,943,21.9,811.4,22.1,943,21.9,943,21.9,
2014\05\27 19:41:29,10.1,20.4,N.C.,939.5,19.8,811.2,20.1,939.5,19.8,939.5,19.8,
2014\05\27 22:41:30,10.1,15,N.C.,941.2,14.9,810.8,15.2,941.2,14.9,941.2,14.9,
2014\05\28 01:41:31,10.1,12.3,N.C.,945.3,12.6,810.4,12.9,945.3,12.6,945.3,12.6,
2014\05\28 04:41:32,10.1,9.9,N.C.,930,10.3,810.7,10.6,930,10.3,930,10.3,
2014\05\28 07:41:33,10,20,N.C.,941.3,26,811.1,24.3,941.3,26,941.3,26,
2014\05\28 10:41:34,10.1,29.9,N.C.,962.8,33.5,816.8,33.2,962.8,33.5,962.8,33.5,
2014\05\28 13:41:35,10.1,27,N.C.,947.9,27,812.2,27.2,947.9,27,947.9,27,
2014\05\28 16:41:36,10.2,24.7,N.C.,943.2,24.1,811.5,24.4,943.2,24.1,943.2,24.1,
2014\05\28 19:41:37,10.2,17.7,N.C.,944.7,17.5,810.9,17.7,944.7,17.5,944.7,17.5,
2014\05\28 22:41:38,10.1,15.1,N.C.,934.1,15.9,810.2,16,934.1,15.9,934.1,15.9,
2014\05\29 01:41:39,10.1,13.6,N.C.,948.2,13.8,810.8,14,948.2,13.8,948.2,13.8,
2014\05\29 04:41:40,10.1,13.1,N.C.,948.7,13.6,810.6,13.8,948.7,13.6,948.7,13.6,
2014\05\29 07:41:41,10,16.5,N.C.,946.6,16.7,811.5,16.8,946.6,16.7,946.6,16.7,
2014\05\29 10:41:42,10,18.5,N.C.,960.9,19.4,811.2,19.5,960.9,19.4,960.9,19.4,
2014\05\29 13:41:43,10,22.2,N.C.,952.6,22.5,811.8,22.7,952.6,22.5,952.6,22.5,
2014\05\29 16:41:44,10.1,23.7,N.C.,946.3,24,811.5,24.3,946.3,24,946.3,24,
2014\05\29 19:41:45,10.1,20,N.C.,939.2,19.5,811.4,19.8,939.2,19.5,939.2,19.5,
2014\05\29 22:41:46,10.1,14.5,N.C.,933.4,14.8,810.1,15.1,933.4,14.8,933.4,14.8,
2014\05\30 01:41:47,10.1,13.8,N.C.,939.4,14,810.7,14.3,939.4,14,939.4,14,
2014\05\30 04:41:48,10.1,11.6,N.C.,955.6,11.7,810.5,12,955.6,11.7,955.6,11.7,
2014\05\30 07:41:49,10,16.9,N.C.,937.3,18.2,811.1,18.4,937.3,18.2,937.3,18.2,
2014\05\30 10:41:50,10,30,N.C.,984.9,35.8,816.2,35.4,984.9,35.8,984.9,35.8,
2014\05\30 13:41:51,10.1,28.9,N.C.,949.8,29.1,812.2,29.3,949.8,29.1,949.8,29.1,
2014\05\30 16:41:52,10.2,28.2,N.C.,960.5,27.9,813.8,28.4,960.5,27.9,960.5,27.9,
2014\05\30 19:41:53,10.2,21.9,N.C.,947,21.5,810.8,21.8,947,21.5,947,21.5,
2014\05\30 22:41:54,10.1,18.4,N.C.,941.6,18.3,810.7,18.6,941.6,18.3,941.6,18.3,
2014\05\31 01:41:55,10.1,14.5,N.C.,939.7,14.7,810.6,14.8,939.7,14.7,939.7,14.7,
2014\05\31 04:41:56,10.1,14.4,N.C.,936.8,14.8,810.7,14.8,936.8,14.8,936.8,14.8,
2014\05\31 07:41:57,10,15.2,N.C.,936.9,15.2,810.1,15.8,936.9,15.2,936.9,15.2,
2014\05\31 10:41:58,10,22.3,N.C.,957.1,25.9,816.1,26.1,957.1,25.9,957.1,25.9,
2014\05\31 13:42:00,10.1,24.2,N.C.,959.9,25.1,812.7,25.2,959.9,25.1,959.9,25.1,
2014\05\31 16:42:00,10.1,22.6,N.C.,945.5,22.4,812,22.6,945.5,22.4,945.5,22.4,
2014\05\31 19:42:01,10.1,19.2,N.C.,950.7,18.9,810.9,19.2,950.7,18.9,950.7,18.9,
2014\05\31 22:42:02,10.1,16.9,N.C.,936.6,16.8,810.8,17,936.6,16.8,936.6,16.8,
2014\06\01 01:42:04,10.1,13.7,N.C.,942.4,13.4,810.9,13.8,942.4,13.4,942.4,13.4,
2014\06\01 04:42:04,10.1,10.6,N.C.,943.8,10.9,810.6,11.2,943.8,10.9,943.8,10.9,
2014\06\01 07:42:05,10,26.7,N.C.,980.8,27.3,820.4,26.9,980.8,27.3,980.8,27.3,
2014\06\01 10:42:06,10.1,29.8,N.C.,963.9,32.3,815.3,32.1,963.9,32.3,963.9,32.3,
2014\06\01 13:42:07,10.1,27.4,N.C.,965.7,27,814.7,27.3,965.7,27,965.7,27,
2014\06\01 16:42:08,10.2,25.6,N.C.,957.4,25.3,813.4,25.5,957.4,25.3,957.4,25.3,
2014\06\01 19:42:09,10.2,21,N.C.,955.8,20.5,811.2,20.9,955.8,20.5,955.8,20.5,
2014\06\01 22:42:10,10.1,16.6,N.C.,949.7,16.6,810.7,16.9,949.7,16.6,949.7,16.6,
2014\06\02 01:42:11,10.1,16,N.C.,937.9,16.2,810.6,16.4,937.9,16.2,937.9,16.2,
2014\06\02 04:42:12,10.1,15.8,N.C.,941.6,15.9,810.5,16.1,941.6,15.9,941.6,15.9,
2014\06\02 07:42:13,10,22.1,N.C.,952.9,25.6,812.9,25.1,952.9,25.6,952.9,25.6,
2014\06\02 10:42:14,10,23.3,N.C.,952.4,24.1,812.9,24.3,952.4,24.1,952.4,24.1,
2014\06\02 13:42:15,10.1,26.4,N.C.,974.4,27.4,812.5,27.4,974.4,27.4,974.4,27.4,
2014\06\02 16:42:16,10.1,25.7,N.C.,963.6,25.2,813.1,25.5,963.6,25.2,963.6,25.2,
2014\06\02 19:42:17,10.1,20.2,N.C.,955.7,19.7,811.3,20,955.7,19.7,955.7,19.7,
2014\06\02 22:42:18,10.1,16,N.C.,937.5,16.3,810,16.6,937.5,16.3,937.5,16.3,
2014\06\03 01:42:19,10.1,14.8,N.C.,937.3,14.8,810.5,15,937.3,14.8,937.3,14.8,
2014\06\03 04:42:20,10.1,14.6,N.C.,937.8,14.8,810.6,15.1,937.8,14.8,937.8,14.8,
2014\06\03 07:46:12,10,21.3,N.C.,964.1,21.4,812.5,21.5,964.1,21.4,964.1,21.4,
2014\06\03 10:46:13,10,25.3,N.C.,957.5,26.9,811.4,26.7,957.5,26.9,957.5,26.9,
2014\06\03 13:46:14,10.1,27.7,N.C.,953.5,28.4,812.3,28.5,953.5,28.4,953.5,28.4,
2014\06\03 16:46:15,10.1,25.2,N.C.,952,25.1,811.3,25.4,952,25.1,952,25.1,
2014\06\03 19:46:16,10.1,19.9,N.C.,955.4,19.5,811.2,19.8,955.4,19.5,955.4,19.5,
2014\06\03 22:46:17,10.1,17.3,N.C.,945.6,17.2,811,17.4,945.6,17.2,945.6,17.2,
2014\06\04 01:46:18,10.1,16.1,N.C.,959.4,16.4,810.7,16.6,959.4,16.4,959.4,16.4,
2014\06\04 04:46:19,10.1,14.4,N.C.,937.3,14.9,810.3,15.1,937.3,14.9,937.3,14.9,
2014\06\04 07:46:20,10,17.3,N.C.,958.7,18.4,811.1,18.6,958.7,18.4,958.7,18.4,
2014\06\04 10:46:21,10,26.7,N.C.,959.1,26.5,816.9,26.8,959.1,26.5,959.1,26.5,
2014\06\04 13:46:22,10.1,28.3,N.C.,972.1,28.5,813.6,28.6,972.1,28.5,972.1,28.5,
2014\06\04 16:46:23,10.1,26.5,N.C.,954.1,26.2,812.8,26.4,954.1,26.2,954.1,26.2,
2014\06\04 19:46:24,10.1,19.2,N.C.,956.9,18.7,811.2,18.9,956.9,18.7,956.9,18.7,
2014\06\04 22:46:25,10.1,14.1,N.C.,941.1,14.5,810.2,14.8,941.1,14.5,941.1,14.5,
2014\06\05 01:46:26,10.1,14.5,N.C.,951.1,14.7,810.8,15,951.1,14.7,951.1,14.7,
2014\06\05 04:46:27,10.1,12.9,N.C.,941.2,13.5,810.2,13.6,941.2,13.5,941.2,13.5,
2014\06\05 07:46:28,10,26.1,N.C.,963.9,31.6,821.6,30.2,963.9,31.6,963.9,31.6,
2014\06\05 10:46:29,10.1,27.6,N.C.,965,32.1,814.9,31.9,965,32.1,965,32.1,
2014\06\05 13:46:30,10.1,29,N.C.,972.8,29.2,813.1,29.4,972.8,29.2,972.8,29.2,
2014\06\05 16:46:31,10.1,26.8,N.C.,956.9,26.7,812.7,27,956.9,26.7,956.9,26.7,
2014\06\05 19:46:32,10.1,21.5,N.C.,947.9,21.1,811.2,21.4,947.9,21.1,947.9,21.1,
2014\06\05 22:46:33,10.1,18.3,N.C.,945.1,18.3,810.8,18.5,945.1,18.3,945.1,18.3,
2014\06\06 01:46:34,10.1,15.4,N.C.,940.8,15.7,810.7,15.9,940.8,15.7,940.8,15.7,
2014\06\06 04:46:35,10.1,13.1,N.C.,948.7,13.4,810.7,13.6,948.7,13.4,948.7,13.4,
2014\06\06 07:46:36,10.1,29.7,N.C.,971.7,34,820.4,32.8,971.7,34,971.7,34,
2014\06\06 10:46:37,10.1,33.4,N.C.,988.9,37.8,816.2,37.7,988.9,37.8,988.9,37.8,
2014\06\06 13:46:38,10.2,30.6,N.C.,967.2,31.4,812.1,31.4,967.2,31.4,967.2,31.4,